method_name,metric,r_lo,r_hi,slope
text,Has0_acc_2,0.0,0.1,-0.390625
text,Has0_acc_2,0.1,0.15,0.07400000000000075
text,Has0_acc_2,0.15,0.2,-0.9810000000000026
text,Has0_acc_2,0.2,0.25,0.2730000000000033
text,Has0_acc_2,0.25,0.3,-0.6653333333333334
text,Has0_acc_2,0.3,0.35,0.227333333333335
text,Has0_acc_2,0.35,0.4,-0.46700000000000147
text,Has0_acc_2,0.4,0.45,0.2150000000000008
text,Has0_acc_2,0.45,0.5,-1.8280000000000012
text,Has0_acc_2,0.5,0.55,0.6520000000000009
text,Has0_acc_2,0.55,0.6,-0.20500000000000212
text,Has0_F1_score,0.0,0.1,-0.381999999999999
text,Has0_F1_score,0.1,0.15,0.06799999999999697
text,Has0_F1_score,0.15,0.2,-0.8610000000000003
text,Has0_F1_score,0.2,0.25,0.14900000000000138
text,Has0_F1_score,0.25,0.3,-0.4959999999999988
text,Has0_F1_score,0.3,0.35,0.05799999999999807
text,Has0_F1_score,0.35,0.4,-0.477999999999998
text,Has0_F1_score,0.4,0.45,0.21599999999999847
text,Has0_F1_score,0.45,0.5,-1.3213333333333324
text,Has0_F1_score,0.5,0.55,0.24733333333333474
text,Has0_F1_score,0.55,0.6,-0.2760000000000033
text,Non0_acc_2,0.0,0.1,-0.3962083333333344
text,Non0_acc_2,0.1,0.15,0.11066666666666783
text,Non0_acc_2,0.15,0.2,-1.1530000000000014
text,Non0_acc_2,0.2,0.25,0.36100000000000027
text,Non0_acc_2,0.25,0.3,-0.8466666666666647
text,Non0_acc_2,0.3,0.35,0.30866666666666603
text,Non0_acc_2,0.35,0.4,-0.5440000000000018
text,Non0_acc_2,0.4,0.45,0.3300000000000037
text,Non0_acc_2,0.45,0.5,-2.0426666666666686
text,Non0_acc_2,0.5,0.55,0.8026666666666664
text,Non0_acc_2,0.55,0.6,-0.17800000000000285
text,Non0_F1_score,0.0,0.1,-0.39091666666666525
text,Non0_F1_score,0.1,0.15,0.10733333333333264
text,Non0_F1_score,0.15,0.2,-1.0340000000000034
text,Non0_F1_score,0.2,0.25,0.2380000000000027
text,Non0_F1_score,0.25,0.3,-0.6819999999999983
text,Non0_F1_score,0.3,0.35,0.1419999999999977
text,Non0_F1_score,0.35,0.4,-0.5569999999999982
text,Non0_F1_score,0.4,0.45,0.3370000000000007
text,Non0_F1_score,0.45,0.5,-1.5386666666666686
text,Non0_F1_score,0.5,0.55,0.3906666666666677
text,Non0_F1_score,0.55,0.6,-0.245
text,Mult_acc_5,0.0,0.1,-0.46108333333333307
text,Mult_acc_5,0.1,0.15,-0.3833333333333334
text,Mult_acc_5,0.15,0.2,-1.608
text,Mult_acc_5,0.2,0.25,1.0839999999999996
text,Mult_acc_5,0.25,0.3,-1.2726666666666655
text,Mult_acc_5,0.3,0.35,-0.2053333333333341
text,Mult_acc_5,0.35,0.4,-0.9229999999999997
text,Mult_acc_5,0.4,0.45,0.15500000000000072
text,Mult_acc_5,0.45,0.5,-0.8160000000000008
text,Mult_acc_5,0.5,0.55,0.37999999999999945
text,Mult_acc_5,0.55,0.6,-0.04499999999999955
text,Mult_acc_7,0.0,0.1,-0.6469583333333334
text,Mult_acc_7,0.1,0.15,-0.12933333333333355
text,Mult_acc_7,0.15,0.2,-0.9269999999999997
text,Mult_acc_7,0.2,0.25,0.8010000000000008
text,Mult_acc_7,0.25,0.3,-1.1106666666666678
text,Mult_acc_7,0.3,0.35,0.06066666666666666
text,Mult_acc_7,0.35,0.4,-0.8349999999999994
text,Mult_acc_7,0.4,0.45,0.15500000000000072
text,Mult_acc_7,0.45,0.5,-0.6566666666666672
text,Mult_acc_7,0.5,0.55,0.4426666666666664
text,Mult_acc_7,0.55,0.6,-0.07699999999999994
text,MAE,0.0,0.1,1.4175833333333332
text,MAE,0.1,0.15,-0.12466666666666851
text,MAE,0.15,0.2,2.746000000000001
text,MAE,0.2,0.25,-1.6599999999999997
text,MAE,0.25,0.3,2.4113333333333347
text,MAE,0.3,0.35,-0.03933333333333345
text,MAE,0.35,0.4,1.7219999999999953
text,MAE,0.4,0.45,-0.3839999999999978
text,MAE,0.45,0.5,2.940000000000001
text,MAE,0.5,0.55,-1.3460000000000016
text,MAE,0.55,0.6,0.42599999999999805
text,Corr,0.0,0.1,-0.8228333333333326
text,Corr,0.1,0.15,-0.13933333333333356
text,Corr,0.15,0.2,-0.643
text,Corr,0.2,0.25,-0.4729999999999991
text,Corr,0.25,0.3,-1.374000000000002
text,Corr,0.3,0.35,-0.14199999999999993
text,Corr,0.35,0.4,-1.0329999999999986
text,Corr,0.4,0.45,-0.5150000000000011
text,Corr,0.45,0.5,-0.8199999999999998
text,Corr,0.5,0.55,-0.6799999999999989
text,Corr,0.55,0.6,-0.6920000000000002
text,Loss,0.0,0.1,1.4070833333333332
text,Loss,0.1,0.15,-0.1666666666666661
text,Loss,0.15,0.2,2.7650000000000032
text,Loss,0.2,0.25,-1.711000000000003
text,Loss,0.25,0.3,2.405333333333333
text,Loss,0.3,0.35,-0.07133333333333437
text,Loss,0.35,0.4,1.7409999999999999
text,Loss,0.4,0.45,-0.37300000000000116
text,Loss,0.45,0.5,2.9333333333333305
text,Loss,0.5,0.55,-1.3213333333333288
text,Loss,0.55,0.6,0.4329999999999995
text_mstcn,Has0_acc_2,0.0,0.1,-0.32600000000000073
text_mstcn,Has0_acc_2,0.1,0.15,-0.38799999999999957
text_mstcn,Has0_acc_2,0.15,0.2,-0.3899999999999991
text_mstcn,Has0_acc_2,0.2,0.25,0.12799999999999925
text_mstcn,Has0_acc_2,0.25,0.3,-0.4180000000000007
text_mstcn,Has0_acc_2,0.3,0.35,-0.4179999999999985
text_mstcn,Has0_acc_2,0.35,0.4,-0.30199999999999977
text_mstcn,Has0_acc_2,0.4,0.45,-0.34000000000000036
text_mstcn,Has0_acc_2,0.45,0.5,-0.8260000000000003
text_mstcn,Has0_acc_2,0.5,0.55,0.49600000000000044
text_mstcn,Has0_acc_2,0.55,0.6,-1.5560000000000038
text_mstcn,Has0_F1_score,0.0,0.1,-0.3060000000000007
text_mstcn,Has0_F1_score,0.1,0.15,-0.33799999999999836
text_mstcn,Has0_F1_score,0.15,0.2,-0.4639999999999998
text_mstcn,Has0_F1_score,0.2,0.25,0.14799999999999927
text_mstcn,Has0_F1_score,0.25,0.3,-0.4159999999999987
text_mstcn,Has0_F1_score,0.3,0.35,-0.41200000000000137
text_mstcn,Has0_F1_score,0.35,0.4,-0.33599999999999824
text_mstcn,Has0_F1_score,0.4,0.45,-0.30800000000000166
text_mstcn,Has0_F1_score,0.45,0.5,-0.6599999999999985
text_mstcn,Has0_F1_score,0.5,0.55,0.2879999999999991
text_mstcn,Has0_F1_score,0.55,0.6,-0.41600000000000137
text_mstcn,Non0_acc_2,0.0,0.1,-0.22400000000000198
text_mstcn,Non0_acc_2,0.1,0.15,-0.4459999999999976
text_mstcn,Non0_acc_2,0.15,0.2,-0.4980000000000005
text_mstcn,Non0_acc_2,0.2,0.25,0.2119999999999989
text_mstcn,Non0_acc_2,0.25,0.3,-0.4159999999999987
text_mstcn,Non0_acc_2,0.3,0.35,-0.5699999999999995
text_mstcn,Non0_acc_2,0.35,0.4,-0.40599999999999936
text_mstcn,Non0_acc_2,0.4,0.45,-0.3160000000000008
text_mstcn,Non0_acc_2,0.45,0.5,-0.9640000000000006
text_mstcn,Non0_acc_2,0.5,0.55,0.68
text_mstcn,Non0_acc_2,0.55,0.6,-1.818000000000002
text_mstcn,Non0_F1_score,0.0,0.1,-0.2090000000000003
text_mstcn,Non0_F1_score,0.1,0.15,-0.401999999999998
text_mstcn,Non0_F1_score,0.15,0.2,-0.564000000000002
text_mstcn,Non0_F1_score,0.2,0.25,0.23199999999999893
text_mstcn,Non0_F1_score,0.25,0.3,-0.4159999999999987
text_mstcn,Non0_F1_score,0.3,0.35,-0.5620000000000004
text_mstcn,Non0_F1_score,0.35,0.4,-0.44399999999999956
text_mstcn,Non0_F1_score,0.4,0.45,-0.2840000000000021
text_mstcn,Non0_F1_score,0.45,0.5,-0.8019999999999985
text_mstcn,Non0_F1_score,0.5,0.55,0.4760000000000004
text_mstcn,Non0_F1_score,0.55,0.6,-0.6660000000000008
text_mstcn,Mult_acc_5,0.0,0.1,-1.1520000000000001
text_mstcn,Mult_acc_5,0.1,0.15,0.5659999999999988
text_mstcn,Mult_acc_5,0.15,0.2,-0.9239999999999989
text_mstcn,Mult_acc_5,0.2,0.25,0.0780000000000003
text_mstcn,Mult_acc_5,0.25,0.3,0.8360000000000003
text_mstcn,Mult_acc_5,0.3,0.35,-2.110000000000001
text_mstcn,Mult_acc_5,0.35,0.4,0.3020000000000009
text_mstcn,Mult_acc_5,0.4,0.45,-0.6320000000000005
text_mstcn,Mult_acc_5,0.45,0.5,-0.8940000000000006
text_mstcn,Mult_acc_5,0.5,0.55,0.7879999999999991
text_mstcn,Mult_acc_5,0.55,0.6,-1.0500000000000012
text_mstcn,Mult_acc_7,0.0,0.1,-0.8309999999999995
text_mstcn,Mult_acc_7,0.1,0.15,-0.12800000000000036
text_mstcn,Mult_acc_7,0.15,0.2,-0.30000000000000016
text_mstcn,Mult_acc_7,0.2,0.25,0.11599999999999946
text_mstcn,Mult_acc_7,0.25,0.3,0.6800000000000007
text_mstcn,Mult_acc_7,0.3,0.35,-1.6620000000000006
text_mstcn,Mult_acc_7,0.35,0.4,0.18599999999999933
text_mstcn,Mult_acc_7,0.4,0.45,-0.4859999999999999
text_mstcn,Mult_acc_7,0.45,0.5,-0.778
text_mstcn,Mult_acc_7,0.5,0.55,0.5819999999999997
text_mstcn,Mult_acc_7,0.55,0.6,-0.7180000000000013
text_mstcn,MAE,0.0,0.1,1.29
text_mstcn,MAE,0.1,0.15,0.9400000000000011
text_mstcn,MAE,0.15,0.2,1.113999999999999
text_mstcn,MAE,0.2,0.25,-0.1780000000000004
text_mstcn,MAE,0.25,0.3,-0.07400000000000075
text_mstcn,MAE,0.3,0.35,2.4920000000000013
text_mstcn,MAE,0.35,0.4,0.777999999999998
text_mstcn,MAE,0.4,0.45,0.3040000000000021
text_mstcn,MAE,0.45,0.5,3.1599999999999993
text_mstcn,MAE,0.5,0.55,-1.5239999999999951
text_mstcn,MAE,0.55,0.6,1.4220000000000008
text_mstcn,Corr,0.0,0.1,-0.5359999999999998
text_mstcn,Corr,0.1,0.15,-0.8940000000000017
text_mstcn,Corr,0.15,0.2,-0.6219999999999979
text_mstcn,Corr,0.2,0.25,-0.24399999999999983
text_mstcn,Corr,0.25,0.3,-0.4620000000000003
text_mstcn,Corr,0.3,0.35,-1.232
text_mstcn,Corr,0.35,0.4,-0.3419999999999998
text_mstcn,Corr,0.4,0.45,-0.6779999999999987
text_mstcn,Corr,0.45,0.5,-0.9560000000000015
text_mstcn,Corr,0.5,0.55,-0.5960000000000004
text_mstcn,Corr,0.55,0.6,-3.166000000000003
text_mstcn,Loss,0.0,0.1,1.2769999999999992
text_mstcn,Loss,0.1,0.15,0.9280000000000002
text_mstcn,Loss,0.15,0.2,1.1140000000000012
text_mstcn,Loss,0.2,0.25,-0.20000000000000023
text_mstcn,Loss,0.25,0.3,-0.09600000000000056
text_mstcn,Loss,0.3,0.35,2.4800000000000004
text_mstcn,Loss,0.35,0.4,0.7500000000000011
text_mstcn,Loss,0.4,0.45,0.3019999999999979
text_mstcn,Loss,0.45,0.5,3.174000000000002
text_mstcn,Loss,0.5,0.55,-1.5180000000000002
text_mstcn,Loss,0.55,0.6,1.478000000000008
dynamic_rule,Has0_acc_2,0.0,0.1,-0.2186666666666659
dynamic_rule,Has0_acc_2,0.1,0.15,-0.28533333333333527
dynamic_rule,Has0_acc_2,0.15,0.2,-0.4670000000000017
dynamic_rule,Has0_acc_2,0.2,0.25,-0.01899999999999569
dynamic_rule,Has0_acc_2,0.25,0.3,-0.8613333333333364
dynamic_rule,Has0_acc_2,0.3,0.35,0.4733333333333324
dynamic_rule,Has0_acc_2,0.35,0.4,-0.7689999999999968
dynamic_rule,Has0_acc_2,0.4,0.45,0.3109999999999991
dynamic_rule,Has0_acc_2,0.45,0.5,-0.8999999999999988
dynamic_rule,Has0_acc_2,0.5,0.55,-0.23600000000000265
dynamic_rule,Has0_acc_2,0.55,0.6,-0.3409999999999984
dynamic_rule,Has0_F1_score,0.0,0.1,-0.21099999999999786
dynamic_rule,Has0_F1_score,0.1,0.15,-0.3160000000000008
dynamic_rule,Has0_F1_score,0.15,0.2,-0.46000000000000024
dynamic_rule,Has0_F1_score,0.2,0.25,-0.02200000000000202
dynamic_rule,Has0_F1_score,0.25,0.3,-0.7759999999999969
dynamic_rule,Has0_F1_score,0.3,0.35,0.3679999999999995
dynamic_rule,Has0_F1_score,0.35,0.4,-0.6819999999999998
dynamic_rule,Has0_F1_score,0.4,0.45,0.2479999999999994
dynamic_rule,Has0_F1_score,0.45,0.5,-0.6306666666666662
dynamic_rule,Has0_F1_score,0.5,0.55,-0.5073333333333325
dynamic_rule,Has0_F1_score,0.55,0.6,-0.3600000000000008
dynamic_rule,Non0_acc_2,0.0,0.1,-0.19333333333333647
dynamic_rule,Non0_acc_2,0.1,0.15,-0.4126666666666635
dynamic_rule,Non0_acc_2,0.15,0.2,-0.5089999999999992
dynamic_rule,Non0_acc_2,0.2,0.25,-0.0810000000000022
dynamic_rule,Non0_acc_2,0.25,0.3,-0.9726666666666641
dynamic_rule,Non0_acc_2,0.3,0.35,0.6266666666666666
dynamic_rule,Non0_acc_2,0.35,0.4,-0.7869999999999993
dynamic_rule,Non0_acc_2,0.4,0.45,0.34100000000000025
dynamic_rule,Non0_acc_2,0.45,0.5,-0.9966666666666659
dynamic_rule,Non0_acc_2,0.5,0.55,-0.2533333333333341
dynamic_rule,Non0_acc_2,0.55,0.6,-0.3100000000000018
dynamic_rule,Non0_F1_score,0.0,0.1,-0.1870000000000016
dynamic_rule,Non0_F1_score,0.1,0.15,-0.4386666666666651
dynamic_rule,Non0_F1_score,0.15,0.2,-0.5059999999999973
dynamic_rule,Non0_F1_score,0.2,0.25,-0.08400000000000409
dynamic_rule,Non0_F1_score,0.25,0.3,-0.8979999999999968
dynamic_rule,Non0_F1_score,0.3,0.35,0.536000000000001
dynamic_rule,Non0_F1_score,0.35,0.4,-0.7120000000000009
dynamic_rule,Non0_F1_score,0.4,0.45,0.28399999999999986
dynamic_rule,Non0_F1_score,0.45,0.5,-0.7446666666666669
dynamic_rule,Non0_F1_score,0.5,0.55,-0.5093333333333345
dynamic_rule,Non0_F1_score,0.55,0.6,-0.3309999999999995
dynamic_rule,Mult_acc_5,0.0,0.1,-0.2926666666666661
dynamic_rule,Mult_acc_5,0.1,0.15,-0.5573333333333342
dynamic_rule,Mult_acc_5,0.15,0.2,-0.7190000000000005
dynamic_rule,Mult_acc_5,0.2,0.25,-0.18499999999999964
dynamic_rule,Mult_acc_5,0.25,0.3,-1.095333333333334
dynamic_rule,Mult_acc_5,0.3,0.35,-0.35266666666666563
dynamic_rule,Mult_acc_5,0.35,0.4,-0.3890000000000001
dynamic_rule,Mult_acc_5,0.4,0.45,0.00900000000000012
dynamic_rule,Mult_acc_5,0.45,0.5,-0.5506666666666672
dynamic_rule,Mult_acc_5,0.5,0.55,0.06466666666666615
dynamic_rule,Mult_acc_5,0.55,0.6,-0.51
dynamic_rule,Mult_acc_7,0.0,0.1,-0.45500000000000096
dynamic_rule,Mult_acc_7,0.1,0.15,-0.427333333333333
dynamic_rule,Mult_acc_7,0.15,0.2,-0.22299999999999978
dynamic_rule,Mult_acc_7,0.2,0.25,-0.5069999999999998
dynamic_rule,Mult_acc_7,0.25,0.3,-0.4720000000000003
dynamic_rule,Mult_acc_7,0.3,0.35,-0.21800000000000047
dynamic_rule,Mult_acc_7,0.35,0.4,-0.35299999999999965
dynamic_rule,Mult_acc_7,0.4,0.45,0.1690000000000003
dynamic_rule,Mult_acc_7,0.45,0.5,-0.5213333333333343
dynamic_rule,Mult_acc_7,0.5,0.55,0.1433333333333335
dynamic_rule,Mult_acc_7,0.55,0.6,-0.5729999999999998
dynamic_rule,MAE,0.0,0.1,0.9676666666666678
dynamic_rule,MAE,0.1,0.15,1.6833333333333327
dynamic_rule,MAE,0.15,0.2,0.4279999999999971
dynamic_rule,MAE,0.2,0.25,0.7220000000000005
dynamic_rule,MAE,0.25,0.3,1.2800000000000014
dynamic_rule,MAE,0.3,0.35,-0.331999999999999
dynamic_rule,MAE,0.35,0.4,1.5039999999999973
dynamic_rule,MAE,0.4,0.45,-0.32999999999999924
dynamic_rule,MAE,0.45,0.5,1.749333333333332
dynamic_rule,MAE,0.5,0.55,-0.07133333333332985
dynamic_rule,MAE,0.55,0.6,1.4759999999999993
dynamic_rule,Corr,0.0,0.1,-0.5346666666666677
dynamic_rule,Corr,0.1,0.15,-1.0053333333333316
dynamic_rule,Corr,0.15,0.2,-0.32199999999999995
dynamic_rule,Corr,0.2,0.25,-0.45800000000000074
dynamic_rule,Corr,0.25,0.3,-0.8273333333333313
dynamic_rule,Corr,0.3,0.35,-0.5566666666666699
dynamic_rule,Corr,0.35,0.4,-1.066999999999997
dynamic_rule,Corr,0.4,0.45,-0.0790000000000002
dynamic_rule,Corr,0.45,0.5,-1.6100000000000008
dynamic_rule,Corr,0.5,0.55,-0.6759999999999994
dynamic_rule,Corr,0.55,0.6,-0.7520000000000014
dynamic_rule,Loss,0.0,0.1,0.9680000000000022
dynamic_rule,Loss,0.1,0.15,1.6706666666666652
dynamic_rule,Loss,0.15,0.2,0.4149999999999986
dynamic_rule,Loss,0.2,0.25,0.7370000000000011
dynamic_rule,Loss,0.25,0.3,1.2173333333333327
dynamic_rule,Loss,0.3,0.35,-0.33733333333333176
dynamic_rule,Loss,0.35,0.4,1.499
dynamic_rule,Loss,0.4,0.45,-0.32900000000000157
dynamic_rule,Loss,0.45,0.5,1.7493333333333365
dynamic_rule,Loss,0.5,0.55,-0.08133333333333319
dynamic_rule,Loss,0.55,0.6,1.516999999999997
dynamic_lte_mstcn,Has0_acc_2,0.0,0.1,-0.29100000000000015
dynamic_lte_mstcn,Has0_acc_2,0.1,0.15,
dynamic_lte_mstcn,Has0_acc_2,0.15,0.2,
dynamic_lte_mstcn,Has0_acc_2,0.2,0.25,
dynamic_lte_mstcn,Has0_acc_2,0.25,0.3,
dynamic_lte_mstcn,Has0_acc_2,0.3,0.35,
dynamic_lte_mstcn,Has0_acc_2,0.35,0.4,
dynamic_lte_mstcn,Has0_acc_2,0.4,0.45,
dynamic_lte_mstcn,Has0_acc_2,0.45,0.5,
dynamic_lte_mstcn,Has0_acc_2,0.5,0.55,
dynamic_lte_mstcn,Has0_acc_2,0.55,0.6,
dynamic_lte_mstcn,Has0_F1_score,0.0,0.1,-0.2870000000000006
dynamic_lte_mstcn,Has0_F1_score,0.1,0.15,
dynamic_lte_mstcn,Has0_F1_score,0.15,0.2,
dynamic_lte_mstcn,Has0_F1_score,0.2,0.25,
dynamic_lte_mstcn,Has0_F1_score,0.25,0.3,
dynamic_lte_mstcn,Has0_F1_score,0.3,0.35,
dynamic_lte_mstcn,Has0_F1_score,0.35,0.4,
dynamic_lte_mstcn,Has0_F1_score,0.4,0.45,
dynamic_lte_mstcn,Has0_F1_score,0.45,0.5,
dynamic_lte_mstcn,Has0_F1_score,0.5,0.55,
dynamic_lte_mstcn,Has0_F1_score,0.55,0.6,
dynamic_lte_mstcn,Non0_acc_2,0.0,0.1,-0.2750000000000008
dynamic_lte_mstcn,Non0_acc_2,0.1,0.15,
dynamic_lte_mstcn,Non0_acc_2,0.15,0.2,
dynamic_lte_mstcn,Non0_acc_2,0.2,0.25,
dynamic_lte_mstcn,Non0_acc_2,0.25,0.3,
dynamic_lte_mstcn,Non0_acc_2,0.3,0.35,
dynamic_lte_mstcn,Non0_acc_2,0.35,0.4,
dynamic_lte_mstcn,Non0_acc_2,0.4,0.45,
dynamic_lte_mstcn,Non0_acc_2,0.45,0.5,
dynamic_lte_mstcn,Non0_acc_2,0.5,0.55,
dynamic_lte_mstcn,Non0_acc_2,0.55,0.6,
dynamic_lte_mstcn,Non0_F1_score,0.0,0.1,-0.27000000000000024
dynamic_lte_mstcn,Non0_F1_score,0.1,0.15,
dynamic_lte_mstcn,Non0_F1_score,0.15,0.2,
dynamic_lte_mstcn,Non0_F1_score,0.2,0.25,
dynamic_lte_mstcn,Non0_F1_score,0.25,0.3,
dynamic_lte_mstcn,Non0_F1_score,0.3,0.35,
dynamic_lte_mstcn,Non0_F1_score,0.35,0.4,
dynamic_lte_mstcn,Non0_F1_score,0.4,0.45,
dynamic_lte_mstcn,Non0_F1_score,0.45,0.5,
dynamic_lte_mstcn,Non0_F1_score,0.5,0.55,
dynamic_lte_mstcn,Non0_F1_score,0.55,0.6,
dynamic_lte_mstcn,Mult_acc_5,0.0,0.1,-0.7099999999999995
dynamic_lte_mstcn,Mult_acc_5,0.1,0.15,
dynamic_lte_mstcn,Mult_acc_5,0.15,0.2,
dynamic_lte_mstcn,Mult_acc_5,0.2,0.25,
dynamic_lte_mstcn,Mult_acc_5,0.25,0.3,
dynamic_lte_mstcn,Mult_acc_5,0.3,0.35,
dynamic_lte_mstcn,Mult_acc_5,0.35,0.4,
dynamic_lte_mstcn,Mult_acc_5,0.4,0.45,
dynamic_lte_mstcn,Mult_acc_5,0.45,0.5,
dynamic_lte_mstcn,Mult_acc_5,0.5,0.55,
dynamic_lte_mstcn,Mult_acc_5,0.55,0.6,
dynamic_lte_mstcn,Mult_acc_7,0.0,0.1,-0.6220000000000009
dynamic_lte_mstcn,Mult_acc_7,0.1,0.15,
dynamic_lte_mstcn,Mult_acc_7,0.15,0.2,
dynamic_lte_mstcn,Mult_acc_7,0.2,0.25,
dynamic_lte_mstcn,Mult_acc_7,0.25,0.3,
dynamic_lte_mstcn,Mult_acc_7,0.3,0.35,
dynamic_lte_mstcn,Mult_acc_7,0.35,0.4,
dynamic_lte_mstcn,Mult_acc_7,0.4,0.45,
dynamic_lte_mstcn,Mult_acc_7,0.45,0.5,
dynamic_lte_mstcn,Mult_acc_7,0.5,0.55,
dynamic_lte_mstcn,Mult_acc_7,0.55,0.6,
dynamic_lte_mstcn,MAE,0.0,0.1,1.2870000000000004
dynamic_lte_mstcn,MAE,0.1,0.15,
dynamic_lte_mstcn,MAE,0.15,0.2,
dynamic_lte_mstcn,MAE,0.2,0.25,
dynamic_lte_mstcn,MAE,0.25,0.3,
dynamic_lte_mstcn,MAE,0.3,0.35,
dynamic_lte_mstcn,MAE,0.35,0.4,
dynamic_lte_mstcn,MAE,0.4,0.45,
dynamic_lte_mstcn,MAE,0.45,0.5,
dynamic_lte_mstcn,MAE,0.5,0.55,
dynamic_lte_mstcn,MAE,0.55,0.6,
dynamic_lte_mstcn,Corr,0.0,0.1,-0.6010000000000004
dynamic_lte_mstcn,Corr,0.1,0.15,
dynamic_lte_mstcn,Corr,0.15,0.2,
dynamic_lte_mstcn,Corr,0.2,0.25,
dynamic_lte_mstcn,Corr,0.25,0.3,
dynamic_lte_mstcn,Corr,0.3,0.35,
dynamic_lte_mstcn,Corr,0.35,0.4,
dynamic_lte_mstcn,Corr,0.4,0.45,
dynamic_lte_mstcn,Corr,0.45,0.5,
dynamic_lte_mstcn,Corr,0.5,0.55,
dynamic_lte_mstcn,Corr,0.55,0.6,
dynamic_lte_mstcn,Loss,0.0,0.1,1.271
dynamic_lte_mstcn,Loss,0.1,0.15,
dynamic_lte_mstcn,Loss,0.15,0.2,
dynamic_lte_mstcn,Loss,0.2,0.25,
dynamic_lte_mstcn,Loss,0.25,0.3,
dynamic_lte_mstcn,Loss,0.3,0.35,
dynamic_lte_mstcn,Loss,0.35,0.4,
dynamic_lte_mstcn,Loss,0.4,0.45,
dynamic_lte_mstcn,Loss,0.45,0.5,
dynamic_lte_mstcn,Loss,0.5,0.55,
dynamic_lte_mstcn,Loss,0.55,0.6,
regime_policy,Has0_acc_2,0.0,0.1,-0.2186666666666659
regime_policy,Has0_acc_2,0.1,0.15,-0.28533333333333527
regime_policy,Has0_acc_2,0.15,0.2,-0.4670000000000017
regime_policy,Has0_acc_2,0.2,0.25,0.08900000000000131
regime_policy,Has0_acc_2,0.25,0.3,-0.4180000000000007
regime_policy,Has0_acc_2,0.3,0.35,-0.4179999999999985
regime_policy,Has0_acc_2,0.35,0.4,-0.30199999999999977
regime_policy,Has0_acc_2,0.4,0.45,-0.34000000000000036
regime_policy,Has0_acc_2,0.45,0.5,-0.8260000000000003
regime_policy,Has0_acc_2,0.5,0.55,0.49600000000000044
regime_policy,Has0_acc_2,0.55,0.6,-0.47700000000000137
regime_policy,Has0_F1_score,0.0,0.1,-0.21099999999999786
regime_policy,Has0_F1_score,0.1,0.15,-0.3160000000000008
regime_policy,Has0_F1_score,0.15,0.2,-0.46000000000000024
regime_policy,Has0_F1_score,0.2,0.25,0.1019999999999999
regime_policy,Has0_F1_score,0.25,0.3,-0.4159999999999987
regime_policy,Has0_F1_score,0.3,0.35,-0.41200000000000137
regime_policy,Has0_F1_score,0.35,0.4,-0.33599999999999824
regime_policy,Has0_F1_score,0.4,0.45,-0.30800000000000166
regime_policy,Has0_F1_score,0.45,0.5,-0.6599999999999985
regime_policy,Has0_F1_score,0.5,0.55,0.2879999999999991
regime_policy,Has0_F1_score,0.55,0.6,-0.4240000000000027
regime_policy,Non0_acc_2,0.0,0.1,-0.19333333333333647
regime_policy,Non0_acc_2,0.1,0.15,-0.4126666666666635
regime_policy,Non0_acc_2,0.15,0.2,-0.5089999999999992
regime_policy,Non0_acc_2,0.2,0.25,0.19299999999999878
regime_policy,Non0_acc_2,0.25,0.3,-0.4159999999999987
regime_policy,Non0_acc_2,0.3,0.35,-0.5699999999999995
regime_policy,Non0_acc_2,0.35,0.4,-0.40599999999999936
regime_policy,Non0_acc_2,0.4,0.45,-0.3160000000000008
regime_policy,Non0_acc_2,0.45,0.5,-0.9640000000000006
regime_policy,Non0_acc_2,0.5,0.55,0.68
regime_policy,Non0_acc_2,0.55,0.6,-0.462000000000003
regime_policy,Non0_F1_score,0.0,0.1,-0.1870000000000016
regime_policy,Non0_F1_score,0.1,0.15,-0.4386666666666651
regime_policy,Non0_F1_score,0.15,0.2,-0.5059999999999973
regime_policy,Non0_F1_score,0.2,0.25,0.20599999999999735
regime_policy,Non0_F1_score,0.25,0.3,-0.4159999999999987
regime_policy,Non0_F1_score,0.3,0.35,-0.5620000000000004
regime_policy,Non0_F1_score,0.35,0.4,-0.44399999999999956
regime_policy,Non0_F1_score,0.4,0.45,-0.2840000000000021
regime_policy,Non0_F1_score,0.45,0.5,-0.8019999999999985
regime_policy,Non0_F1_score,0.5,0.55,0.4760000000000004
regime_policy,Non0_F1_score,0.55,0.6,-0.4089999999999999
regime_policy,Mult_acc_5,0.0,0.1,-0.2926666666666661
regime_policy,Mult_acc_5,0.1,0.15,-0.5573333333333342
regime_policy,Mult_acc_5,0.15,0.2,-0.7190000000000005
regime_policy,Mult_acc_5,0.2,0.25,-0.37899999999999945
regime_policy,Mult_acc_5,0.25,0.3,0.8360000000000003
regime_policy,Mult_acc_5,0.3,0.35,-2.110000000000001
regime_policy,Mult_acc_5,0.35,0.4,0.3020000000000009
regime_policy,Mult_acc_5,0.4,0.45,-0.6320000000000005
regime_policy,Mult_acc_5,0.45,0.5,-0.8940000000000006
regime_policy,Mult_acc_5,0.5,0.55,0.7879999999999991
regime_policy,Mult_acc_5,0.55,0.6,-0.5990000000000003
regime_policy,Mult_acc_7,0.0,0.1,-0.45500000000000096
regime_policy,Mult_acc_7,0.1,0.15,-0.427333333333333
regime_policy,Mult_acc_7,0.15,0.2,-0.22299999999999978
regime_policy,Mult_acc_7,0.2,0.25,-0.2050000000000008
regime_policy,Mult_acc_7,0.25,0.3,0.6800000000000007
regime_policy,Mult_acc_7,0.3,0.35,-1.6620000000000006
regime_policy,Mult_acc_7,0.35,0.4,0.18599999999999933
regime_policy,Mult_acc_7,0.4,0.45,-0.4859999999999999
regime_policy,Mult_acc_7,0.45,0.5,-0.778
regime_policy,Mult_acc_7,0.5,0.55,0.5819999999999997
regime_policy,Mult_acc_7,0.55,0.6,-0.26100000000000045
regime_policy,MAE,0.0,0.1,0.9676666666666678
regime_policy,MAE,0.1,0.15,1.6833333333333327
regime_policy,MAE,0.15,0.2,0.4279999999999971
regime_policy,MAE,0.2,0.25,-0.2139999999999987
regime_policy,MAE,0.25,0.3,-0.07400000000000075
regime_policy,MAE,0.3,0.35,2.4920000000000013
regime_policy,MAE,0.35,0.4,0.777999999999998
regime_policy,MAE,0.4,0.45,0.3040000000000021
regime_policy,MAE,0.45,0.5,3.1599999999999993
regime_policy,MAE,0.5,0.55,-1.5239999999999951
regime_policy,MAE,0.55,0.6,0.4179999999999945
regime_policy,Corr,0.0,0.1,-0.5346666666666677
regime_policy,Corr,0.1,0.15,-1.0053333333333316
regime_policy,Corr,0.15,0.2,-0.32199999999999995
regime_policy,Corr,0.2,0.25,-0.38200000000000023
regime_policy,Corr,0.25,0.3,-0.4620000000000003
regime_policy,Corr,0.3,0.35,-1.232
regime_policy,Corr,0.35,0.4,-0.3419999999999998
regime_policy,Corr,0.4,0.45,-0.6779999999999987
regime_policy,Corr,0.45,0.5,-0.9560000000000015
regime_policy,Corr,0.5,0.55,-0.5960000000000004
regime_policy,Corr,0.55,0.6,-1.0639999999999996
regime_policy,Loss,0.0,0.1,0.9680000000000022
regime_policy,Loss,0.1,0.15,1.6706666666666652
regime_policy,Loss,0.15,0.2,0.4149999999999986
regime_policy,Loss,0.2,0.25,-0.23899999999999816
regime_policy,Loss,0.25,0.3,-0.09600000000000056
regime_policy,Loss,0.3,0.35,2.4800000000000004
regime_policy,Loss,0.35,0.4,0.7500000000000011
regime_policy,Loss,0.4,0.45,0.3019999999999979
regime_policy,Loss,0.45,0.5,3.174000000000002
regime_policy,Loss,0.5,0.55,-1.5180000000000002
regime_policy,Loss,0.55,0.6,0.4610000000000009
