path,dataset,train_mode,missing_t,missing_a,missing_v,run_tag,Has0_acc_2,Has0_acc_2_std,Has0_F1_score,Has0_F1_score_std,Non0_acc_2,Non0_acc_2_std,Non0_F1_score,Non0_F1_score_std,Mult_acc_5,Mult_acc_5_std,Mult_acc_7,Mult_acc_7_std,MAE,MAE_std,Corr,Corr_std,Loss,Loss_std
/lyx/MFMB-Net/MFMB-Net/results/results/normals/mosi-regression-t0_a0_v0-keep_text_grid.csv,mosi,regression,0.0,0.0,0.0,keep_text_grid,82.99,0.43,82.92,0.56,84.34,0.19,84.34,0.07,43.55,7.15,39.68,5.46,0.8003,0.0637,0.7843000000000001,0.0184,0.8003,0.0637
/lyx/MFMB-Net/MFMB-Net/results/results/normals/mosi-regression-t0_a0_v0.25-keep_text_grid.csv,mosi,regression,0.0,0.0,0.25,keep_text_grid,82.24,0.62,82.19,0.66,83.92,0.54,83.94,0.49,48.21,2.23,40.83,2.17,0.7879999999999999,0.0339,0.7863,0.0039000000000000003,0.7879999999999999,0.0339
/lyx/MFMB-Net/MFMB-Net/results/results/normals/mosi-regression-t0_a0_v0.5-keep_text_grid.csv,mosi,regression,0.0,0.0,0.5,keep_text_grid,81.15,0.71,81.1,0.57,82.41,1.46,82.43,1.33,44.39,7.59,38.19,5.71,0.8498,0.0668,0.7726000000000001,0.0055000000000000005,0.8498,0.0668
/lyx/MFMB-Net/MFMB-Net/results/results/normals/mosi-regression-t0_a0_v0.75-keep_text_grid.csv,mosi,regression,0.0,0.0,0.75,keep_text_grid,81.2,1.33,81.19,1.32,82.72,1.89,82.77,1.86,44.0,8.09,36.75,8.0,0.8768,0.18289999999999998,0.7796,0.0264,0.8768,0.18289999999999998
/lyx/MFMB-Net/MFMB-Net/results/results/normals/mosi-regression-t0_a0_v1-keep_text_grid.csv,mosi,regression,0.0,0.0,1.0,keep_text_grid,80.56,0.89,80.47,0.86,82.19,1.63,82.19,1.55,43.7,3.57,37.65,3.37,0.8778,0.0709,0.7725,0.009899999999999999,0.8778,0.0709
/lyx/MFMB-Net/MFMB-Net/results/results/normals/mosi-regression-t0_a0.25_v0-keep_text_grid.csv,mosi,regression,0.0,0.25,0.0,keep_text_grid,82.69,0.31,82.62,0.24,84.33,0.77,84.32,0.72,43.65,6.09,39.24,4.63,0.8165,0.0837,0.7823,0.0106,0.8165,0.0837
/lyx/MFMB-Net/MFMB-Net/results/results/normals/mosi-regression-t0_a0.25_v0.25-keep_text_grid.csv,mosi,regression,0.0,0.25,0.25,keep_text_grid,83.14,0.49,82.92,0.52,85.67,0.44,85.55,0.45,51.69,1.91,45.43,1.69,0.7164,0.0105,0.7920999999999999,0.0072,0.7164,0.0105
/lyx/MFMB-Net/MFMB-Net/results/results/normals/mosi-regression-t0_a0.25_v0.5-keep_text_grid.csv,mosi,regression,0.0,0.25,0.5,keep_text_grid,81.5,0.73,81.51,0.72,82.92,0.74,82.99,0.71,48.26,2.07,42.56,1.36,0.7714,0.0286,0.78,0.015,0.7714,0.0286
/lyx/MFMB-Net/MFMB-Net/results/results/normals/mosi-regression-t0_a0.25_v0.75-keep_text_grid.csv,mosi,regression,0.0,0.25,0.75,keep_text_grid,81.55,0.64,81.59,0.64,82.67,0.96,82.76,0.95,42.11,5.17,37.05,4.13,0.8370000000000001,0.0546,0.7789,0.0011,0.8370000000000001,0.0546
/lyx/MFMB-Net/MFMB-Net/results/results/normals/mosi-regression-t0_a0.25_v1-keep_text_grid.csv,mosi,regression,0.0,0.25,1.0,keep_text_grid,81.95,1.24,81.85,1.24,83.96,1.11,83.93,1.09,47.02,4.8,41.96,3.39,0.7667,0.0533,0.7811,0.026600000000000002,0.7667,0.0533
/lyx/MFMB-Net/MFMB-Net/results/results/normals/mosi-regression-t0_a0.5_v0-keep_text_grid.csv,mosi,regression,0.0,0.5,0.0,keep_text_grid,81.45,1.4,81.23,1.28,83.34,2.37,83.23,2.24,44.05,6.97,39.34,6.16,0.8029999999999999,0.0678,0.7669,0.0181,0.8029999999999999,0.0678
/lyx/MFMB-Net/MFMB-Net/results/results/normals/mosi-regression-t0_a0.5_v0.25-keep_text_grid.csv,mosi,regression,0.0,0.5,0.25,keep_text_grid,82.59,0.63,82.5,0.61,84.37,1.34,84.36,1.28,44.0,4.46,39.43,3.06,0.7979999999999999,0.0489,0.787,0.0027,0.7979999999999999,0.0489
/lyx/MFMB-Net/MFMB-Net/results/results/normals/mosi-regression-t0_a0.5_v0.5-keep_text_grid.csv,mosi,regression,0.0,0.5,0.5,keep_text_grid,81.15,1.1,81.17,1.11,81.9,1.19,81.97,1.18,43.65,3.93,38.44,2.98,0.8469,0.0757,0.7676000000000001,0.0281,0.8469,0.0757
/lyx/MFMB-Net/MFMB-Net/results/results/normals/mosi-regression-t0_a0.5_v0.75-keep_text_grid.csv,mosi,regression,0.0,0.5,0.75,keep_text_grid,81.45,1.33,81.32,1.23,82.81,2.17,82.77,2.04,48.01,4.74,42.26,3.95,0.7683,0.0684,0.785,0.0128,0.7683,0.0684
/lyx/MFMB-Net/MFMB-Net/results/results/normals/mosi-regression-t0_a0.5_v1-keep_text_grid.csv,mosi,regression,0.0,0.5,1.0,keep_text_grid,82.19,0.39,82.2,0.37,83.75,0.92,83.81,0.9,46.33,4.46,40.43,3.93,0.7846,0.0499,0.79,0.004,0.7846,0.0499
/lyx/MFMB-Net/MFMB-Net/results/results/normals/mosi-regression-t0_a0.75_v0-keep_text_grid.csv,mosi,regression,0.0,0.75,0.0,keep_text_grid,82.14,1.17,82.07,1.22,83.86,1.19,83.86,1.14,45.93,3.75,39.93,2.0,0.8123999999999999,0.0241,0.7676999999999999,0.013500000000000002,0.8123999999999999,0.0241
/lyx/MFMB-Net/MFMB-Net/results/results/normals/mosi-regression-t0_a0.75_v0.25-keep_text_grid.csv,mosi,regression,0.0,0.75,0.25,keep_text_grid,81.05,2.22,80.85,2.22,82.71,3.01,82.6,2.99,47.77,1.06,38.89,3.79,0.8540000000000001,0.0875,0.7659,0.0216,0.8540000000000001,0.0875
/lyx/MFMB-Net/MFMB-Net/results/results/normals/mosi-regression-t0_a0.75_v0.5-keep_text_grid.csv,mosi,regression,0.0,0.75,0.5,keep_text_grid,82.19,0.91,82.18,0.87,83.7,1.17,83.74,1.13,49.25,3.42,42.46,2.8,0.772,0.0351,0.7723,0.013999999999999999,0.772,0.0351
/lyx/MFMB-Net/MFMB-Net/results/results/normals/mosi-regression-t0_a0.75_v0.75-keep_text_grid.csv,mosi,regression,0.0,0.75,0.75,keep_text_grid,82.19,2.15,82.19,2.11,83.6,2.51,83.66,2.46,43.16,8.11,38.34,5.86,0.82,0.1047,0.7911,0.0173,0.82,0.1047
/lyx/MFMB-Net/MFMB-Net/results/results/normals/mosi-regression-t0_a0.75_v1-keep_text_grid.csv,mosi,regression,0.0,0.75,1.0,keep_text_grid,80.46,0.81,80.46,0.81,81.52,1.4,81.59,1.4,43.95,4.54,38.39,4.32,0.8495,0.0664,0.7776000000000001,0.006999999999999999,0.8495,0.0664
/lyx/MFMB-Net/MFMB-Net/results/results/normals/mosi-regression-t0_a1_v0-keep_text_grid.csv,mosi,regression,0.0,1.0,0.0,keep_text_grid,81.9,0.79,81.84,0.86,83.34,0.6,83.35,0.58,46.38,2.26,39.98,1.02,0.8034,0.0359,0.772,0.0027,0.8034,0.0359
/lyx/MFMB-Net/MFMB-Net/results/results/normals/mosi-regression-t0_a1_v0.25-keep_text_grid.csv,mosi,regression,0.0,1.0,0.25,keep_text_grid,81.9,0.3,81.93,0.29,83.26,0.29,83.35,0.27,47.02,6.02,40.43,4.19,0.7890999999999999,0.0405,0.7765000000000001,0.0062,0.7890999999999999,0.0405
/lyx/MFMB-Net/MFMB-Net/results/results/normals/mosi-regression-t0_a1_v0.5-keep_text_grid.csv,mosi,regression,0.0,1.0,0.5,keep_text_grid,81.94,0.3,81.97,0.29,83.19,0.57,83.26,0.56,46.93,1.27,41.52,0.8,0.7742,0.0092,0.7939,0.0076,0.7742,0.0092
/lyx/MFMB-Net/MFMB-Net/results/results/normals/mosi-regression-t0_a1_v0.75-keep_text_grid.csv,mosi,regression,0.0,1.0,0.75,keep_text_grid,80.71,1.3,80.63,1.22,82.0,1.77,82.0,1.66,43.45,5.97,38.39,3.04,0.8528,0.034300000000000004,0.7575,0.0148,0.8528,0.034300000000000004
/lyx/MFMB-Net/MFMB-Net/results/results/normals/mosi-regression-t0_a1_v1-keep_text_grid.csv,mosi,regression,0.0,1.0,1.0,keep_text_grid,82.05,1.95,81.96,1.95,83.39,2.91,83.39,2.88,47.32,5.68,41.67,4.45,0.7994,0.0836,0.7809999999999999,0.015600000000000001,0.7994,0.0836
