dataset,missing,mode,phase,protocol_tag,fusion_center_mode,use_anchor_moe,seed,train_drop_last,eval_drop_last,test_drop_last,task_router_lambda,center_aux_lambda,router_oracle_temperature,router_oracle_type,router_missing_bias,gate_balance_lambda,gate_target,rta_gate_mode,use_prediction_gate_supervision,gate_oracle_temperature,gate_task_lambda,use_task_aware_router,use_reliability_task_gate,export_anchor_weights,export_task_router_info,train_batch_size,eval_batch_size,test_batch_size,output_dir,effective_train_samples,effective_valid_samples,effective_test_samples,status,log_path,run_id,Has0_acc_2,Has0_F1_score,Non0_acc_2,Non0_F1_score,Mult_acc_5,Mult_acc_7,MAE,Corr,Loss
mosi,0.600000,dynamic_rta_pred_residual,full,trainDL1_evalDL0_testDL0,dynamic_rta_pred_residual,0,111,1,0,0,0.100000,0.050000,0.800000,soft,2.000000,0.000000,0.500000,learned,1,0.800000,0.020000,1,1,1,1,24,24,24,results/auto_anchor_runs_stress_06_10/rta_pred_residual_analysis,1272.000000,229.000000,686.000000,success,"results/auto_anchor_runs_stress_06_10/logs/mosi_m0.6_dynamic_rta_pred_residual_seed111,1111,11111_trainDL1_evalDL0_testDL0_full.log",mosi_m0.6_dynamic_rta_pred_residual_seed111_trainDL1_evalDL0_testDL0_20260526_0735,0.597700,0.613200,0.585400,0.598600,0.170600,0.166200,1.389100,0.291300,1.390600
mosi,0.600000,dynamic_rta_pred_residual,full,trainDL1_evalDL0_testDL0,dynamic_rta_pred_residual,0,1111,1,0,0,0.100000,0.050000,0.800000,soft,2.000000,0.000000,0.500000,learned,1,0.800000,0.020000,1,1,1,1,24,24,24,results/auto_anchor_runs_stress_06_10/rta_pred_residual_analysis,1272.000000,229.000000,686.000000,success,"results/auto_anchor_runs_stress_06_10/logs/mosi_m0.6_dynamic_rta_pred_residual_seed111,1111,11111_trainDL1_evalDL0_testDL0_full.log",mosi_m0.6_dynamic_rta_pred_residual_seed1111_trainDL1_evalDL0_testDL0_20260526_0735,0.639900,0.650700,0.650900,0.660800,0.228900,0.224500,1.253100,0.335700,1.250600
mosi,0.600000,dynamic_rta_pred_residual,full,trainDL1_evalDL0_testDL0,dynamic_rta_pred_residual,0,11111,1,0,0,0.100000,0.050000,0.800000,soft,2.000000,0.000000,0.500000,learned,1,0.800000,0.020000,1,1,1,1,24,24,24,results/auto_anchor_runs_stress_06_10/rta_pred_residual_analysis,1272.000000,229.000000,686.000000,success,"results/auto_anchor_runs_stress_06_10/logs/mosi_m0.6_dynamic_rta_pred_residual_seed111,1111,11111_trainDL1_evalDL0_testDL0_full.log",mosi_m0.6_dynamic_rta_pred_residual_seed11111_trainDL1_evalDL0_testDL0_20260526_0735,0.653100,0.659700,0.663100,0.668900,0.268200,0.253600,1.213200,0.390400,1.215100
mosi,0.600000,dynamic_soft,full,trainDL1_evalDL0_testDL0,dynamic_soft,0,111,1,0,0,0.100000,0.050000,0.800000,soft,2.000000,0.000000,0.500000,learned,1,0.800000,0.020000,0,1,1,1,24,24,24,results/auto_anchor_runs_stress_06_10,1272.000000,229.000000,686.000000,success,"results/auto_anchor_runs_stress_06_10/logs/mosi_m0.6_dynamic_soft_seed111,1111,11111_trainDL1_evalDL0_testDL0_full.log",mosi_m0.6_dynamic_soft_seed111_trainDL1_evalDL0_testDL0_20260526_0713,0.658900,0.658200,0.661600,0.659800,0.266800,0.253600,1.289200,0.395900,1.290600
mosi,0.600000,dynamic_soft,full,trainDL1_evalDL0_testDL0,dynamic_soft,0,1111,1,0,0,0.100000,0.050000,0.800000,soft,2.000000,0.000000,0.500000,learned,1,0.800000,0.020000,0,1,1,1,24,24,24,results/auto_anchor_runs_stress_06_10,1272.000000,229.000000,686.000000,success,"results/auto_anchor_runs_stress_06_10/logs/mosi_m0.6_dynamic_soft_seed111,1111,11111_trainDL1_evalDL0_testDL0_full.log",mosi_m0.6_dynamic_soft_seed1111_trainDL1_evalDL0_testDL0_20260526_0713,0.613700,0.625700,0.606700,0.616900,0.208500,0.204100,1.315200,0.384100,1.312800
mosi,0.600000,dynamic_soft,full,trainDL1_evalDL0_testDL0,dynamic_soft,0,11111,1,0,0,0.100000,0.050000,0.800000,soft,2.000000,0.000000,0.500000,learned,1,0.800000,0.020000,0,1,1,1,24,24,24,results/auto_anchor_runs_stress_06_10,1272.000000,229.000000,686.000000,success,"results/auto_anchor_runs_stress_06_10/logs/mosi_m0.6_dynamic_soft_seed111,1111,11111_trainDL1_evalDL0_testDL0_full.log",mosi_m0.6_dynamic_soft_seed11111_trainDL1_evalDL0_testDL0_20260526_0713,0.613700,0.624400,0.606700,0.615700,0.233200,0.220100,1.353000,0.396300,1.352400
mosi,0.600000,text,full,trainDL1_evalDL0_testDL0,text,0,111,1,0,0,0.100000,0.050000,0.800000,soft,2.000000,0.000000,0.500000,learned,1,0.800000,0.020000,0,1,1,1,24,24,24,results/auto_anchor_runs_stress_06_10,1272.000000,229.000000,686.000000,success,"results/auto_anchor_runs_stress_06_10/logs/mosi_m0.6_text_seed111,1111,11111_trainDL1_evalDL0_testDL0_full.log",mosi_m0.6_text_seed111_trainDL1_evalDL0_testDL0_20260526_0637,0.631200,0.640700,0.628000,0.636100,0.236200,0.233200,1.284300,0.402800,1.282200
mosi,0.600000,text,full,trainDL1_evalDL0_testDL0,text,0,1111,1,0,0,0.100000,0.050000,0.800000,soft,2.000000,0.000000,0.500000,learned,1,0.800000,0.020000,0,1,1,1,24,24,24,results/auto_anchor_runs_stress_06_10,1272.000000,229.000000,686.000000,success,"results/auto_anchor_runs_stress_06_10/logs/mosi_m0.6_text_seed111,1111,11111_trainDL1_evalDL0_testDL0_full.log",mosi_m0.6_text_seed1111_trainDL1_evalDL0_testDL0_20260526_0637,0.661800,0.661000,0.667700,0.665800,0.322200,0.269700,1.274800,0.409700,1.280700
mosi,0.600000,text,full,trainDL1_evalDL0_testDL0,text,0,11111,1,0,0,0.100000,0.050000,0.800000,soft,2.000000,0.000000,0.500000,learned,1,0.800000,0.020000,0,1,1,1,24,24,24,results/auto_anchor_runs_stress_06_10,1272.000000,229.000000,686.000000,success,"results/auto_anchor_runs_stress_06_10/logs/mosi_m0.6_text_seed111,1111,11111_trainDL1_evalDL0_testDL0_full.log",mosi_m0.6_text_seed11111_trainDL1_evalDL0_testDL0_20260526_0637,0.648700,0.647800,0.652400,0.650400,0.268200,0.239100,1.336000,0.384200,1.340300
mosi,0.600000,vision,full,trainDL1_evalDL0_testDL0,vision,0,111,1,0,0,0.100000,0.050000,0.800000,soft,2.000000,0.000000,0.500000,learned,1,0.800000,0.020000,0,1,1,1,24,24,24,results/auto_anchor_runs_stress_06_10,1272.000000,229.000000,686.000000,success,"results/auto_anchor_runs_stress_06_10/logs/mosi_m0.6_vision_seed111,1111,11111_trainDL1_evalDL0_testDL0_full.log",mosi_m0.6_vision_seed111_trainDL1_evalDL0_testDL0_20260526_0656,0.642900,0.646200,0.637200,0.638800,0.268200,0.259500,1.292400,0.372800,1.294300
mosi,0.600000,vision,full,trainDL1_evalDL0_testDL0,vision,0,1111,1,0,0,0.100000,0.050000,0.800000,soft,2.000000,0.000000,0.500000,learned,1,0.800000,0.020000,0,1,1,1,24,24,24,results/auto_anchor_runs_stress_06_10,1272.000000,229.000000,686.000000,success,"results/auto_anchor_runs_stress_06_10/logs/mosi_m0.6_vision_seed111,1111,11111_trainDL1_evalDL0_testDL0_full.log",mosi_m0.6_vision_seed1111_trainDL1_evalDL0_testDL0_20260526_0656,0.641400,0.640500,0.643300,0.641200,0.177800,0.177800,1.318300,0.391000,1.316500
mosi,0.600000,vision,full,trainDL1_evalDL0_testDL0,vision,0,11111,1,0,0,0.100000,0.050000,0.800000,soft,2.000000,0.000000,0.500000,learned,1,0.800000,0.020000,0,1,1,1,24,24,24,results/auto_anchor_runs_stress_06_10,1272.000000,229.000000,686.000000,success,"results/auto_anchor_runs_stress_06_10/logs/mosi_m0.6_vision_seed111,1111,11111_trainDL1_evalDL0_testDL0_full.log",mosi_m0.6_vision_seed11111_trainDL1_evalDL0_testDL0_20260526_0656,0.628300,0.639000,0.625000,0.634300,0.170600,0.167600,1.337100,0.371900,1.339700
mosi,0.700000,dynamic_rta_pred_residual,full,trainDL1_evalDL0_testDL0,dynamic_rta_pred_residual,0,111,1,0,0,0.100000,0.050000,0.800000,soft,2.000000,0.000000,0.500000,learned,1,0.800000,0.020000,1,1,1,1,24,24,24,results/auto_anchor_runs_stress_06_10/rta_pred_residual_analysis,1272.000000,229.000000,686.000000,success,"results/auto_anchor_runs_stress_06_10/logs/mosi_m0.7_dynamic_rta_pred_residual_seed111,1111,11111_trainDL1_evalDL0_testDL0_full.log",mosi_m0.7_dynamic_rta_pred_residual_seed111_trainDL1_evalDL0_testDL0_20260526_0840,0.632700,0.647900,0.646300,0.660300,0.259500,0.247800,1.229400,0.340600,1.227700
mosi,0.700000,dynamic_rta_pred_residual,full,trainDL1_evalDL0_testDL0,dynamic_rta_pred_residual,0,1111,1,0,0,0.100000,0.050000,0.800000,soft,2.000000,0.000000,0.500000,learned,1,0.800000,0.020000,1,1,1,1,24,24,24,results/auto_anchor_runs_stress_06_10/rta_pred_residual_analysis,1272.000000,229.000000,686.000000,success,"results/auto_anchor_runs_stress_06_10/logs/mosi_m0.7_dynamic_rta_pred_residual_seed111,1111,11111_trainDL1_evalDL0_testDL0_full.log",mosi_m0.7_dynamic_rta_pred_residual_seed1111_trainDL1_evalDL0_testDL0_20260526_0840,0.575800,0.577000,0.571600,0.571200,0.161800,0.161800,1.394600,0.143500,1.392800
mosi,0.700000,dynamic_rta_pred_residual,full,trainDL1_evalDL0_testDL0,dynamic_rta_pred_residual,0,11111,1,0,0,0.100000,0.050000,0.800000,soft,2.000000,0.000000,0.500000,learned,1,0.800000,0.020000,1,1,1,1,24,24,24,results/auto_anchor_runs_stress_06_10/rta_pred_residual_analysis,1272.000000,229.000000,686.000000,success,"results/auto_anchor_runs_stress_06_10/logs/mosi_m0.7_dynamic_rta_pred_residual_seed111,1111,11111_trainDL1_evalDL0_testDL0_full.log",mosi_m0.7_dynamic_rta_pred_residual_seed11111_trainDL1_evalDL0_testDL0_20260526_0840,0.583100,0.604100,0.573200,0.592400,0.195300,0.195300,1.375500,0.289700,1.377100
mosi,0.700000,dynamic_soft,full,trainDL1_evalDL0_testDL0,dynamic_soft,0,111,1,0,0,0.100000,0.050000,0.800000,soft,2.000000,0.000000,0.500000,learned,1,0.800000,0.020000,0,1,1,1,24,24,24,results/auto_anchor_runs_stress_06_10,1272.000000,229.000000,686.000000,success,"results/auto_anchor_runs_stress_06_10/logs/mosi_m0.7_dynamic_soft_seed111,1111,11111_trainDL1_evalDL0_testDL0_full.log",mosi_m0.7_dynamic_soft_seed111_trainDL1_evalDL0_testDL0_20260526_0827,0.558300,0.567500,0.553400,0.561100,0.166200,0.166200,1.409100,0.159400,1.408400
mosi,0.700000,dynamic_soft,full,trainDL1_evalDL0_testDL0,dynamic_soft,0,1111,1,0,0,0.100000,0.050000,0.800000,soft,2.000000,0.000000,0.500000,learned,1,0.800000,0.020000,0,1,1,1,24,24,24,results/auto_anchor_runs_stress_06_10,1272.000000,229.000000,686.000000,success,"results/auto_anchor_runs_stress_06_10/logs/mosi_m0.7_dynamic_soft_seed111,1111,11111_trainDL1_evalDL0_testDL0_full.log",mosi_m0.7_dynamic_soft_seed1111_trainDL1_evalDL0_testDL0_20260526_0827,0.460600,0.596200,0.439000,0.575400,0.153100,0.151600,1.687000,0.139600,1.680600
mosi,0.700000,dynamic_soft,full,trainDL1_evalDL0_testDL0,dynamic_soft,0,11111,1,0,0,0.100000,0.050000,0.800000,soft,2.000000,0.000000,0.500000,learned,1,0.800000,0.020000,0,1,1,1,24,24,24,results/auto_anchor_runs_stress_06_10,1272.000000,229.000000,686.000000,success,"results/auto_anchor_runs_stress_06_10/logs/mosi_m0.7_dynamic_soft_seed111,1111,11111_trainDL1_evalDL0_testDL0_full.log",mosi_m0.7_dynamic_soft_seed11111_trainDL1_evalDL0_testDL0_20260526_0827,0.657400,0.656900,0.669200,0.667500,0.246400,0.239100,1.275200,0.337900,1.277100
mosi,0.700000,text,full,trainDL1_evalDL0_testDL0,text,0,111,1,0,0,0.100000,0.050000,0.800000,soft,2.000000,0.000000,0.500000,learned,1,0.800000,0.020000,0,1,1,1,24,24,24,results/auto_anchor_runs_stress_06_10,1272.000000,229.000000,686.000000,success,"results/auto_anchor_runs_stress_06_10/logs/mosi_m0.7_text_seed111,1111,11111_trainDL1_evalDL0_testDL0_full.log",mosi_m0.7_text_seed111_trainDL1_evalDL0_testDL0_20260526_0748,0.641400,0.642200,0.650900,0.650500,0.259500,0.252200,1.261900,0.327200,1.260700
mosi,0.700000,text,full,trainDL1_evalDL0_testDL0,text,0,1111,1,0,0,0.100000,0.050000,0.800000,soft,2.000000,0.000000,0.500000,learned,1,0.800000,0.020000,0,1,1,1,24,24,24,results/auto_anchor_runs_stress_06_10,1272.000000,229.000000,686.000000,success,"results/auto_anchor_runs_stress_06_10/logs/mosi_m0.7_text_seed111,1111,11111_trainDL1_evalDL0_testDL0_full.log",mosi_m0.7_text_seed1111_trainDL1_evalDL0_testDL0_20260526_0748,0.664700,0.665500,0.676800,0.676400,0.204100,0.201200,1.300900,0.337100,1.306800
mosi,0.700000,text,full,trainDL1_evalDL0_testDL0,text,0,11111,1,0,0,0.100000,0.050000,0.800000,soft,2.000000,0.000000,0.500000,learned,1,0.800000,0.020000,0,1,1,1,24,24,24,results/auto_anchor_runs_stress_06_10,1272.000000,229.000000,686.000000,success,"results/auto_anchor_runs_stress_06_10/logs/mosi_m0.7_text_seed111,1111,11111_trainDL1_evalDL0_testDL0_full.log",mosi_m0.7_text_seed11111_trainDL1_evalDL0_testDL0_20260526_0748,0.626800,0.630700,0.640200,0.642600,0.218700,0.217200,1.267400,0.319000,1.265900
mosi,0.700000,vision,full,trainDL1_evalDL0_testDL0,vision,0,111,1,0,0,0.100000,0.050000,0.800000,soft,2.000000,0.000000,0.500000,learned,1,0.800000,0.020000,0,1,1,1,24,24,24,results/auto_anchor_runs_stress_06_10,1272.000000,229.000000,686.000000,success,"results/auto_anchor_runs_stress_06_10/logs/mosi_m0.7_vision_seed111,1111,11111_trainDL1_evalDL0_testDL0_full.log",mosi_m0.7_vision_seed111_trainDL1_evalDL0_testDL0_20260526_0805,0.628300,0.628000,0.632600,0.631200,0.231800,0.218700,1.375800,0.304800,1.377500
mosi,0.700000,vision,full,trainDL1_evalDL0_testDL0,vision,0,1111,1,0,0,0.100000,0.050000,0.800000,soft,2.000000,0.000000,0.500000,learned,1,0.800000,0.020000,0,1,1,1,24,24,24,results/auto_anchor_runs_stress_06_10,1272.000000,229.000000,686.000000,success,"results/auto_anchor_runs_stress_06_10/logs/mosi_m0.7_vision_seed111,1111,11111_trainDL1_evalDL0_testDL0_full.log",mosi_m0.7_vision_seed1111_trainDL1_evalDL0_testDL0_20260526_0805,0.625400,0.640000,0.617400,0.630300,0.207000,0.202600,1.338900,0.363400,1.338200
mosi,0.700000,vision,full,trainDL1_evalDL0_testDL0,vision,0,11111,1,0,0,0.100000,0.050000,0.800000,soft,2.000000,0.000000,0.500000,learned,1,0.800000,0.020000,0,1,1,1,24,24,24,results/auto_anchor_runs_stress_06_10,1272.000000,229.000000,686.000000,success,"results/auto_anchor_runs_stress_06_10/logs/mosi_m0.7_vision_seed111,1111,11111_trainDL1_evalDL0_testDL0_full.log",mosi_m0.7_vision_seed11111_trainDL1_evalDL0_testDL0_20260526_0805,0.612200,0.625300,0.603700,0.614900,0.247800,0.231800,1.392500,0.353000,1.388500
mosi,0.800000,dynamic_rta_pred_residual,full,trainDL1_evalDL0_testDL0,dynamic_rta_pred_residual,0,111,1,0,0,0.100000,0.050000,0.800000,soft,2.000000,0.000000,0.500000,learned,1,0.800000,0.020000,1,1,1,1,24,24,24,results/auto_anchor_runs_stress_06_10/rta_pred_residual_analysis,1272.000000,229.000000,686.000000,success,"results/auto_anchor_runs_stress_06_10/logs/mosi_m0.8_dynamic_rta_pred_residual_seed111,1111,11111_trainDL1_evalDL0_testDL0_full.log",mosi_m0.8_dynamic_rta_pred_residual_seed111_trainDL1_evalDL0_testDL0_20260526_1044,0.545200,0.563900,0.529000,0.544800,0.180800,0.180800,1.441400,0.125500,1.440200
mosi,0.800000,dynamic_rta_pred_residual,full,trainDL1_evalDL0_testDL0,dynamic_rta_pred_residual,0,1111,1,0,0,0.100000,0.050000,0.800000,soft,2.000000,0.000000,0.500000,learned,1,0.800000,0.020000,1,1,1,1,24,24,24,results/auto_anchor_runs_stress_06_10/rta_pred_residual_analysis,1272.000000,229.000000,686.000000,success,"results/auto_anchor_runs_stress_06_10/logs/mosi_m0.8_dynamic_rta_pred_residual_seed111,1111,11111_trainDL1_evalDL0_testDL0_full.log",mosi_m0.8_dynamic_rta_pred_residual_seed1111_trainDL1_evalDL0_testDL0_20260526_1044,0.612200,0.615900,0.606700,0.608700,0.236200,0.228900,1.368300,0.282300,1.368300
mosi,0.800000,dynamic_rta_pred_residual,full,trainDL1_evalDL0_testDL0,dynamic_rta_pred_residual,0,11111,1,0,0,0.100000,0.050000,0.800000,soft,2.000000,0.000000,0.500000,learned,1,0.800000,0.020000,1,1,1,1,24,24,24,results/auto_anchor_runs_stress_06_10/rta_pred_residual_analysis,1272.000000,229.000000,686.000000,success,"results/auto_anchor_runs_stress_06_10/logs/mosi_m0.8_dynamic_rta_pred_residual_seed111,1111,11111_trainDL1_evalDL0_testDL0_full.log",mosi_m0.8_dynamic_rta_pred_residual_seed11111_trainDL1_evalDL0_testDL0_20260526_1044,0.622400,0.624900,0.625000,0.626700,0.214300,0.208500,1.306800,0.264900,1.306100
mosi,0.800000,dynamic_soft,full,trainDL1_evalDL0_testDL0,dynamic_soft,0,111,1,0,0,0.100000,0.050000,0.800000,soft,2.000000,0.000000,0.500000,learned,1,0.800000,0.020000,0,1,1,1,24,24,24,results/auto_anchor_runs_stress_06_10,1272.000000,229.000000,686.000000,success,"results/auto_anchor_runs_stress_06_10/logs/mosi_m0.8_dynamic_soft_seed111,1111,11111_trainDL1_evalDL0_testDL0_full.log",mosi_m0.8_dynamic_soft_seed111_trainDL1_evalDL0_testDL0_20260526_1013,0.489800,0.599100,0.466500,0.574400,0.166200,0.166200,1.471600,0.186900,1.469500
mosi,0.800000,dynamic_soft,full,trainDL1_evalDL0_testDL0,dynamic_soft,0,1111,1,0,0,0.100000,0.050000,0.800000,soft,2.000000,0.000000,0.500000,learned,1,0.800000,0.020000,0,1,1,1,24,24,24,results/auto_anchor_runs_stress_06_10,1272.000000,229.000000,686.000000,success,"results/auto_anchor_runs_stress_06_10/logs/mosi_m0.8_dynamic_soft_seed111,1111,11111_trainDL1_evalDL0_testDL0_full.log",mosi_m0.8_dynamic_soft_seed1111_trainDL1_evalDL0_testDL0_20260526_1013,0.447500,0.618300,0.422300,0.593800,0.157400,0.157400,1.549500,0.143700,1.550200
mosi,0.800000,dynamic_soft,full,trainDL1_evalDL0_testDL0,dynamic_soft,0,11111,1,0,0,0.100000,0.050000,0.800000,soft,2.000000,0.000000,0.500000,learned,1,0.800000,0.020000,0,1,1,1,24,24,24,results/auto_anchor_runs_stress_06_10,1272.000000,229.000000,686.000000,success,"results/auto_anchor_runs_stress_06_10/logs/mosi_m0.8_dynamic_soft_seed111,1111,11111_trainDL1_evalDL0_testDL0_full.log",mosi_m0.8_dynamic_soft_seed11111_trainDL1_evalDL0_testDL0_20260526_1013,0.447500,0.618300,0.422300,0.593800,0.154500,0.154500,1.497400,0.085200,1.497000
mosi,0.800000,text,full,trainDL1_evalDL0_testDL0,text,0,111,1,0,0,0.100000,0.050000,0.800000,soft,2.000000,0.000000,0.500000,learned,1,0.800000,0.020000,0,1,1,1,24,24,24,results/auto_anchor_runs_stress_06_10,1272.000000,229.000000,686.000000,success,"results/auto_anchor_runs_stress_06_10/logs/mosi_m0.8_text_seed111,1111,11111_trainDL1_evalDL0_testDL0_full.log",mosi_m0.8_text_seed111_trainDL1_evalDL0_testDL0_20260526_0856,0.637000,0.636000,0.640200,0.638100,0.237600,0.221600,1.414600,0.284100,1.417900
mosi,0.800000,text,full,trainDL1_evalDL0_testDL0,text,0,1111,1,0,0,0.100000,0.050000,0.800000,soft,2.000000,0.000000,0.500000,learned,1,0.800000,0.020000,0,1,1,1,24,24,24,results/auto_anchor_runs_stress_06_10,1272.000000,229.000000,686.000000,success,"results/auto_anchor_runs_stress_06_10/logs/mosi_m0.8_text_seed111,1111,11111_trainDL1_evalDL0_testDL0_full.log",mosi_m0.8_text_seed1111_trainDL1_evalDL0_testDL0_20260526_0856,0.472300,0.564800,0.455800,0.548900,0.154500,0.154500,1.483500,0.068000,1.475900
mosi,0.800000,text,full,trainDL1_evalDL0_testDL0,text,0,11111,1,0,0,0.100000,0.050000,0.800000,soft,2.000000,0.000000,0.500000,learned,1,0.800000,0.020000,0,1,1,1,24,24,24,results/auto_anchor_runs_stress_06_10,1272.000000,229.000000,686.000000,success,"results/auto_anchor_runs_stress_06_10/logs/mosi_m0.8_text_seed111,1111,11111_trainDL1_evalDL0_testDL0_full.log",mosi_m0.8_text_seed11111_trainDL1_evalDL0_testDL0_20260526_0856,0.514600,0.561300,0.501500,0.547200,0.177800,0.177800,1.458400,0.145200,1.461700
mosi,0.800000,vision,full,trainDL1_evalDL0_testDL0,vision,0,111,1,0,0,0.100000,0.050000,0.800000,soft,2.000000,0.000000,0.500000,learned,1,0.800000,0.020000,0,1,1,1,24,24,24,results/auto_anchor_runs_stress_06_10,1272.000000,229.000000,686.000000,success,"results/auto_anchor_runs_stress_06_10/logs/mosi_m0.8_vision_seed111,1111,11111_trainDL1_evalDL0_testDL0_full.log",mosi_m0.8_vision_seed111_trainDL1_evalDL0_testDL0_20260526_0930,0.602000,0.606000,0.593000,0.594900,0.227400,0.215700,1.466100,0.254700,1.468600
mosi,0.800000,vision,full,trainDL1_evalDL0_testDL0,vision,0,1111,1,0,0,0.100000,0.050000,0.800000,soft,2.000000,0.000000,0.500000,learned,1,0.800000,0.020000,0,1,1,1,24,24,24,results/auto_anchor_runs_stress_06_10,1272.000000,229.000000,686.000000,success,"results/auto_anchor_runs_stress_06_10/logs/mosi_m0.8_vision_seed111,1111,11111_trainDL1_evalDL0_testDL0_full.log",mosi_m0.8_vision_seed1111_trainDL1_evalDL0_testDL0_20260526_0930,0.575800,0.574800,0.571600,0.569100,0.199700,0.193900,1.388500,0.191900,1.392800
mosi,0.800000,vision,full,trainDL1_evalDL0_testDL0,vision,0,11111,1,0,0,0.100000,0.050000,0.800000,soft,2.000000,0.000000,0.500000,learned,1,0.800000,0.020000,0,1,1,1,24,24,24,results/auto_anchor_runs_stress_06_10,1272.000000,229.000000,686.000000,success,"results/auto_anchor_runs_stress_06_10/logs/mosi_m0.8_vision_seed111,1111,11111_trainDL1_evalDL0_testDL0_full.log",mosi_m0.8_vision_seed11111_trainDL1_evalDL0_testDL0_20260526_0930,0.583100,0.581900,0.588400,0.585900,0.227400,0.220100,1.379400,0.209800,1.380200
mosi,0.900000,dynamic_rta_pred_residual,full,trainDL1_evalDL0_testDL0,dynamic_rta_pred_residual,0,111,1,0,0,0.100000,0.050000,0.800000,soft,2.000000,0.000000,0.500000,learned,1,0.800000,0.020000,1,1,1,1,24,24,24,results/auto_anchor_runs_stress_06_10/rta_pred_residual_analysis,1272.000000,229.000000,686.000000,success,"results/auto_anchor_runs_stress_06_10/logs/mosi_m0.9_dynamic_rta_pred_residual_seed111,1111,11111_trainDL1_evalDL0_testDL0_full.log",mosi_m0.9_dynamic_rta_pred_residual_seed111_trainDL1_evalDL0_testDL0_20260526_1219,0.460600,0.574300,0.439000,0.552500,0.158900,0.158900,1.451400,0.070600,1.452900
mosi,0.900000,dynamic_rta_pred_residual,full,trainDL1_evalDL0_testDL0,dynamic_rta_pred_residual,0,1111,1,0,0,0.100000,0.050000,0.800000,soft,2.000000,0.000000,0.500000,learned,1,0.800000,0.020000,1,1,1,1,24,24,24,results/auto_anchor_runs_stress_06_10/rta_pred_residual_analysis,1272.000000,229.000000,686.000000,success,"results/auto_anchor_runs_stress_06_10/logs/mosi_m0.9_dynamic_rta_pred_residual_seed111,1111,11111_trainDL1_evalDL0_testDL0_full.log",mosi_m0.9_dynamic_rta_pred_residual_seed1111_trainDL1_evalDL0_testDL0_20260526_1219,0.535000,0.587700,0.518300,0.569300,0.182200,0.177800,1.464100,0.226300,1.466500
mosi,0.900000,dynamic_rta_pred_residual,full,trainDL1_evalDL0_testDL0,dynamic_rta_pred_residual,0,11111,1,0,0,0.100000,0.050000,0.800000,soft,2.000000,0.000000,0.500000,learned,1,0.800000,0.020000,1,1,1,1,24,24,24,results/auto_anchor_runs_stress_06_10/rta_pred_residual_analysis,1272.000000,229.000000,686.000000,success,"results/auto_anchor_runs_stress_06_10/logs/mosi_m0.9_dynamic_rta_pred_residual_seed111,1111,11111_trainDL1_evalDL0_testDL0_full.log",mosi_m0.9_dynamic_rta_pred_residual_seed11111_trainDL1_evalDL0_testDL0_20260526_1219,0.597700,0.596600,0.600600,0.598300,0.212800,0.211400,1.384300,0.196000,1.382300
mosi,0.900000,dynamic_soft,full,trainDL1_evalDL0_testDL0,dynamic_soft,0,111,1,0,0,0.100000,0.050000,0.800000,soft,2.000000,0.000000,0.500000,learned,1,0.800000,0.020000,0,1,1,1,24,24,24,results/auto_anchor_runs_stress_06_10,1272.000000,229.000000,686.000000,success,"results/auto_anchor_runs_stress_06_10/logs/mosi_m0.9_dynamic_soft_seed111,1111,11111_trainDL1_evalDL0_testDL0_full.log",mosi_m0.9_dynamic_soft_seed111_trainDL1_evalDL0_testDL0_20260526_1155,0.453400,0.612400,0.428400,0.587700,0.154500,0.154500,1.456000,0.105300,1.454400
mosi,0.900000,dynamic_soft,full,trainDL1_evalDL0_testDL0,dynamic_soft,0,1111,1,0,0,0.100000,0.050000,0.800000,soft,2.000000,0.000000,0.500000,learned,1,0.800000,0.020000,0,1,1,1,24,24,24,results/auto_anchor_runs_stress_06_10,1272.000000,229.000000,686.000000,success,"results/auto_anchor_runs_stress_06_10/logs/mosi_m0.9_dynamic_soft_seed111,1111,11111_trainDL1_evalDL0_testDL0_full.log",mosi_m0.9_dynamic_soft_seed1111_trainDL1_evalDL0_testDL0_20260526_1155,0.559800,0.575200,0.551800,0.565600,0.180800,0.174900,1.476800,0.178400,1.473000
mosi,0.900000,dynamic_soft,full,trainDL1_evalDL0_testDL0,dynamic_soft,0,11111,1,0,0,0.100000,0.050000,0.800000,soft,2.000000,0.000000,0.500000,learned,1,0.800000,0.020000,0,1,1,1,24,24,24,results/auto_anchor_runs_stress_06_10,1272.000000,229.000000,686.000000,success,"results/auto_anchor_runs_stress_06_10/logs/mosi_m0.9_dynamic_soft_seed111,1111,11111_trainDL1_evalDL0_testDL0_full.log",mosi_m0.9_dynamic_soft_seed11111_trainDL1_evalDL0_testDL0_20260526_1155,0.524800,0.534900,0.522900,0.532000,0.174900,0.174900,1.434000,0.167500,1.434400
mosi,0.900000,text,full,trainDL1_evalDL0_testDL0,text,0,111,1,0,0,0.100000,0.050000,0.800000,soft,2.000000,0.000000,0.500000,learned,1,0.800000,0.020000,0,1,1,1,24,24,24,results/auto_anchor_runs_stress_06_10,1272.000000,229.000000,686.000000,success,"results/auto_anchor_runs_stress_06_10/logs/mosi_m0.9_text_seed111,1111,11111_trainDL1_evalDL0_testDL0_full.log",mosi_m0.9_text_seed111_trainDL1_evalDL0_testDL0_20260526_1106,0.568500,0.567400,0.571600,0.569100,0.208500,0.205500,1.368500,0.182500,1.371400
mosi,0.900000,text,full,trainDL1_evalDL0_testDL0,text,0,1111,1,0,0,0.100000,0.050000,0.800000,soft,2.000000,0.000000,0.500000,learned,1,0.800000,0.020000,0,1,1,1,24,24,24,results/auto_anchor_runs_stress_06_10,1272.000000,229.000000,686.000000,success,"results/auto_anchor_runs_stress_06_10/logs/mosi_m0.9_text_seed111,1111,11111_trainDL1_evalDL0_testDL0_full.log",mosi_m0.9_text_seed1111_trainDL1_evalDL0_testDL0_20260526_1106,0.564100,0.572500,0.557900,0.564600,0.161800,0.161800,1.434200,0.063500,1.436000
mosi,0.900000,text,full,trainDL1_evalDL0_testDL0,text,0,11111,1,0,0,0.100000,0.050000,0.800000,soft,2.000000,0.000000,0.500000,learned,1,0.800000,0.020000,0,1,1,1,24,24,24,results/auto_anchor_runs_stress_06_10,1272.000000,229.000000,686.000000,success,"results/auto_anchor_runs_stress_06_10/logs/mosi_m0.9_text_seed111,1111,11111_trainDL1_evalDL0_testDL0_full.log",mosi_m0.9_text_seed11111_trainDL1_evalDL0_testDL0_20260526_1106,0.447500,0.618300,0.422300,0.593800,0.163300,0.163300,1.556800,0.001000,1.556600
mosi,0.900000,vision,full,trainDL1_evalDL0_testDL0,vision,0,111,1,0,0,0.100000,0.050000,0.800000,soft,2.000000,0.000000,0.500000,learned,1,0.800000,0.020000,0,1,1,1,24,24,24,results/auto_anchor_runs_stress_06_10,1272.000000,229.000000,686.000000,success,"results/auto_anchor_runs_stress_06_10/logs/mosi_m0.9_vision_seed111,1111,11111_trainDL1_evalDL0_testDL0_full.log",mosi_m0.9_vision_seed111_trainDL1_evalDL0_testDL0_20260526_1137,0.467900,0.594500,0.443600,0.569200,0.166200,0.166200,1.517800,0.182500,1.515700
mosi,0.900000,vision,full,trainDL1_evalDL0_testDL0,vision,0,1111,1,0,0,0.100000,0.050000,0.800000,soft,2.000000,0.000000,0.500000,learned,1,0.800000,0.020000,0,1,1,1,24,24,24,results/auto_anchor_runs_stress_06_10,1272.000000,229.000000,686.000000,success,"results/auto_anchor_runs_stress_06_10/logs/mosi_m0.9_vision_seed111,1111,11111_trainDL1_evalDL0_testDL0_full.log",mosi_m0.9_vision_seed1111_trainDL1_evalDL0_testDL0_20260526_1137,0.447500,0.618300,0.422300,0.593800,0.158900,0.158900,1.471500,0.040000,1.469500
mosi,0.900000,vision,full,trainDL1_evalDL0_testDL0,vision,0,11111,1,0,0,0.100000,0.050000,0.800000,soft,2.000000,0.000000,0.500000,learned,1,0.800000,0.020000,0,1,1,1,24,24,24,results/auto_anchor_runs_stress_06_10,1272.000000,229.000000,686.000000,success,"results/auto_anchor_runs_stress_06_10/logs/mosi_m0.9_vision_seed111,1111,11111_trainDL1_evalDL0_testDL0_full.log",mosi_m0.9_vision_seed11111_trainDL1_evalDL0_testDL0_20260526_1137,0.599100,0.603400,0.591500,0.593800,0.185100,0.182200,1.385600,0.213900,1.382400
mosi,1.000000,dynamic_rta_pred_residual,full,trainDL1_evalDL0_testDL0,dynamic_rta_pred_residual,0,111,1,0,0,0.100000,0.050000,0.800000,soft,2.000000,0.000000,0.500000,learned,1,0.800000,0.020000,1,1,1,1,24,24,24,results/auto_anchor_runs_stress_06_10/rta_pred_residual_analysis,1272.000000,229.000000,686.000000,success,"results/auto_anchor_runs_stress_06_10/logs/mosi_m1.0_dynamic_rta_pred_residual_seed111,1111,11111_trainDL1_evalDL0_testDL0_full.log",mosi_m1.0_dynamic_rta_pred_residual_seed111_trainDL1_evalDL0_testDL0_20260526_1340,0.447500,0.618300,0.422300,0.593800,0.158900,0.158900,1.499700,-0.034300,1.501100
mosi,1.000000,dynamic_rta_pred_residual,full,trainDL1_evalDL0_testDL0,dynamic_rta_pred_residual,0,1111,1,0,0,0.100000,0.050000,0.800000,soft,2.000000,0.000000,0.500000,learned,1,0.800000,0.020000,1,1,1,1,24,24,24,results/auto_anchor_runs_stress_06_10/rta_pred_residual_analysis,1272.000000,229.000000,686.000000,success,"results/auto_anchor_runs_stress_06_10/logs/mosi_m1.0_dynamic_rta_pred_residual_seed111,1111,11111_trainDL1_evalDL0_testDL0_full.log",mosi_m1.0_dynamic_rta_pred_residual_seed1111_trainDL1_evalDL0_testDL0_20260526_1340,0.447500,0.618300,0.422300,0.593800,0.158900,0.158900,1.483900,0.027300,1.485600
mosi,1.000000,dynamic_rta_pred_residual,full,trainDL1_evalDL0_testDL0,dynamic_rta_pred_residual,0,11111,1,0,0,0.100000,0.050000,0.800000,soft,2.000000,0.000000,0.500000,learned,1,0.800000,0.020000,1,1,1,1,24,24,24,results/auto_anchor_runs_stress_06_10/rta_pred_residual_analysis,1272.000000,229.000000,686.000000,success,"results/auto_anchor_runs_stress_06_10/logs/mosi_m1.0_dynamic_rta_pred_residual_seed111,1111,11111_trainDL1_evalDL0_testDL0_full.log",mosi_m1.0_dynamic_rta_pred_residual_seed11111_trainDL1_evalDL0_testDL0_20260526_1340,0.447500,0.618300,0.422300,0.593800,0.164700,0.164700,1.568200,-0.090400,1.568600
mosi,1.000000,dynamic_soft,full,trainDL1_evalDL0_testDL0,dynamic_soft,0,111,1,0,0,0.100000,0.050000,0.800000,soft,2.000000,0.000000,0.500000,learned,1,0.800000,0.020000,0,1,1,1,24,24,24,results/auto_anchor_runs_stress_06_10,1272.000000,229.000000,686.000000,success,"results/auto_anchor_runs_stress_06_10/logs/mosi_m1.0_dynamic_soft_seed111,1111,11111_trainDL1_evalDL0_testDL0_full.log",mosi_m1.0_dynamic_soft_seed111_trainDL1_evalDL0_testDL0_20260526_1310,0.447500,0.618300,0.422300,0.593800,0.154500,0.154500,1.449500,-0.139500,1.450000
mosi,1.000000,dynamic_soft,full,trainDL1_evalDL0_testDL0,dynamic_soft,0,1111,1,0,0,0.100000,0.050000,0.800000,soft,2.000000,0.000000,0.500000,learned,1,0.800000,0.020000,0,1,1,1,24,24,24,results/auto_anchor_runs_stress_06_10,1272.000000,229.000000,686.000000,success,"results/auto_anchor_runs_stress_06_10/logs/mosi_m1.0_dynamic_soft_seed111,1111,11111_trainDL1_evalDL0_testDL0_full.log",mosi_m1.0_dynamic_soft_seed1111_trainDL1_evalDL0_testDL0_20260526_1310,0.447500,0.618300,0.422300,0.593800,0.147200,0.147200,1.475000,-0.117800,1.466900
mosi,1.000000,dynamic_soft,full,trainDL1_evalDL0_testDL0,dynamic_soft,0,11111,1,0,0,0.100000,0.050000,0.800000,soft,2.000000,0.000000,0.500000,learned,1,0.800000,0.020000,0,1,1,1,24,24,24,results/auto_anchor_runs_stress_06_10,1272.000000,229.000000,686.000000,success,"results/auto_anchor_runs_stress_06_10/logs/mosi_m1.0_dynamic_soft_seed111,1111,11111_trainDL1_evalDL0_testDL0_full.log",mosi_m1.0_dynamic_soft_seed11111_trainDL1_evalDL0_testDL0_20260526_1310,0.447500,0.618300,0.422300,0.593800,0.158900,0.158900,1.498800,0.056100,1.494900
mosi,1.000000,text,full,trainDL1_evalDL0_testDL0,text,0,111,1,0,0,0.100000,0.050000,0.800000,soft,2.000000,0.000000,0.500000,learned,1,0.800000,0.020000,0,1,1,1,24,24,24,results/auto_anchor_runs_stress_06_10,1272.000000,229.000000,686.000000,success,"results/auto_anchor_runs_stress_06_10/logs/mosi_m1.0_text_seed111,1111,11111_trainDL1_evalDL0_testDL0_full.log",mosi_m1.0_text_seed111_trainDL1_evalDL0_testDL0_20260526_1235,0.546600,0.552900,0.550300,0.555500,0.158900,0.158900,1.445900,-0.046000,1.446300
mosi,1.000000,text,full,trainDL1_evalDL0_testDL0,text,0,1111,1,0,0,0.100000,0.050000,0.800000,soft,2.000000,0.000000,0.500000,learned,1,0.800000,0.020000,0,1,1,1,24,24,24,results/auto_anchor_runs_stress_06_10,1272.000000,229.000000,686.000000,success,"results/auto_anchor_runs_stress_06_10/logs/mosi_m1.0_text_seed111,1111,11111_trainDL1_evalDL0_testDL0_full.log",mosi_m1.0_text_seed1111_trainDL1_evalDL0_testDL0_20260526_1235,0.530600,0.555000,0.519800,0.542500,0.160300,0.160300,1.434300,0.064200,1.436900
mosi,1.000000,text,full,trainDL1_evalDL0_testDL0,text,0,11111,1,0,0,0.100000,0.050000,0.800000,soft,2.000000,0.000000,0.500000,learned,1,0.800000,0.020000,0,1,1,1,24,24,24,results/auto_anchor_runs_stress_06_10,1272.000000,229.000000,686.000000,success,"results/auto_anchor_runs_stress_06_10/logs/mosi_m1.0_text_seed111,1111,11111_trainDL1_evalDL0_testDL0_full.log",mosi_m1.0_text_seed11111_trainDL1_evalDL0_testDL0_20260526_1235,0.447500,0.618300,0.422300,0.593800,0.161800,0.161800,1.517300,0.096600,1.518000
mosi,1.000000,vision,full,trainDL1_evalDL0_testDL0,vision,0,111,1,0,0,0.100000,0.050000,0.800000,soft,2.000000,0.000000,0.500000,learned,1,0.800000,0.020000,0,1,1,1,24,24,24,results/auto_anchor_runs_stress_06_10,1272.000000,229.000000,686.000000,success,"results/auto_anchor_runs_stress_06_10/logs/mosi_m1.0_vision_seed111,1111,11111_trainDL1_evalDL0_testDL0_full.log",mosi_m1.0_vision_seed111_trainDL1_evalDL0_testDL0_20260526_1247,0.497100,0.586000,0.475600,0.563000,0.158900,0.158900,1.456700,0.067300,1.457600
mosi,1.000000,vision,full,trainDL1_evalDL0_testDL0,vision,0,1111,1,0,0,0.100000,0.050000,0.800000,soft,2.000000,0.000000,0.500000,learned,1,0.800000,0.020000,0,1,1,1,24,24,24,results/auto_anchor_runs_stress_06_10,1272.000000,229.000000,686.000000,success,"results/auto_anchor_runs_stress_06_10/logs/mosi_m1.0_vision_seed111,1111,11111_trainDL1_evalDL0_testDL0_full.log",mosi_m1.0_vision_seed1111_trainDL1_evalDL0_testDL0_20260526_1247,0.491300,0.584300,0.469500,0.561100,0.163300,0.163300,1.449300,0.097800,1.451600
mosi,1.000000,vision,full,trainDL1_evalDL0_testDL0,vision,0,11111,1,0,0,0.100000,0.050000,0.800000,soft,2.000000,0.000000,0.500000,learned,1,0.800000,0.020000,0,1,1,1,24,24,24,results/auto_anchor_runs_stress_06_10,1272.000000,229.000000,686.000000,success,"results/auto_anchor_runs_stress_06_10/logs/mosi_m1.0_vision_seed111,1111,11111_trainDL1_evalDL0_testDL0_full.log",mosi_m1.0_vision_seed11111_trainDL1_evalDL0_testDL0_20260526_1247,0.447500,0.618300,0.422300,0.593800,0.156000,0.156000,1.492000,0.004800,1.492000
