method,MAE_avg,Corr_avg,Non0_acc_2_avg,Non0_F1_avg,Mult_acc_5_avg,Mult_acc_7_avg
audio,1.064313,0.601527,0.735360,0.736620,0.341400,0.308353
dynamic_rta_feature,1.075660,0.592127,0.738113,0.741467,0.320420,0.292707
dynamic_rta_pred,1.192550,0.513800,0.706550,0.707600,0.275500,0.251500
dynamic_rta_pred_residual,1.041153,0.598853,0.745927,0.746960,0.344687,0.309800
dynamic_soft,1.071527,0.582353,0.732640,0.735280,0.332740,0.297967
dynamic_soft_moe,1.092127,0.591253,0.723273,0.733673,0.340253,0.301953
dynamic_task_soft_tuned,1.071693,0.592193,0.739033,0.739720,0.334500,0.299307
text,1.073213,0.603760,0.732113,0.733420,0.342467,0.299807
vision,1.047220,0.603267,0.745533,0.747513,0.359187,0.316320
