method,rank_Corr,rank_MAE,rank_Mult_acc_5,rank_Mult_acc_7,rank_Non0_F1_score,rank_Non0_acc_2,avg_rank_core,avg_rank_all
vision,3.200000,3.800000,3.000000,3.200000,3.600000,3.800000,3.600000,3.433333
dynamic_rta_pred_residual,4.800000,3.400000,3.800000,4.000000,3.800000,3.800000,3.950000,3.933333
dynamic_rta_pred,2.000000,5.500000,4.500000,5.500000,5.000000,4.500000,4.250000,4.500000
dynamic_task_soft_tuned,5.600000,4.200000,5.800000,5.600000,4.400000,4.400000,4.650000,5.000000
dynamic_soft,5.200000,4.400000,5.400000,5.000000,4.800000,4.600000,4.750000,4.900000
audio,4.200000,4.800000,4.800000,4.000000,5.200000,5.000000,4.800000,4.666667
text,3.200000,4.800000,4.600000,5.200000,5.800000,5.600000,4.850000,4.866667
dynamic_rta_feature,5.800000,6.000000,6.000000,5.800000,4.600000,4.800000,5.300000,5.500000
dynamic_soft_moe,6.800000,6.000000,4.400000,4.600000,5.400000,5.800000,6.000000,5.500000
