missing_rate,method_name,method_label,Has0_acc_2,Has0_F1_score,Non0_acc_2,Non0_F1_score,Mult_acc_5,Mult_acc_7,MAE,Corr,Loss
0.0,text,text + legacy LTE,0.7181000000000001,0.7109000000000001,0.7897,0.7896,0.552,0.5361,0.5408,0.7548999999999999,0.5406
0.0,dynamic_rule,dynamic missing + rule router + legacy LTE,0.7820999999999999,0.7764,0.8305,0.831,0.5552,0.5357,0.544,0.7518,0.5437
0.0,text_mstcn,text + MSTCN,0.8039000000000001,0.7988,0.8436,0.8440000000000001,0.5546,0.5379999999999999,0.5329,0.7592,0.5327000000000001
0.0,dynamic_lte_mstcn,dynamic missing + LTE MSTCN + rule router,0.7551000000000001,0.7478,0.8165,0.8162,0.5502,0.5336,0.5462,0.752,0.5459
0.1,text,text + legacy LTE,0.8222,0.8406,0.7875,0.8087000000000001,0.5274,0.5149,0.5903,0.7121,0.5902000000000001
0.1,dynamic_rule,dynamic missing + rule router + legacy LTE,0.8151,0.813,0.8337,0.8359000000000001,0.5158,0.5035000000000001,0.5908,0.7111,0.5904
0.1,text_mstcn,text + MSTCN,0.7535,0.7434000000000001,0.8148000000000001,0.8131,0.5211,0.5032,0.594,0.7095999999999999,0.5939
0.1,dynamic_lte_mstcn,dynamic missing + LTE MSTCN + rule router,0.7805,0.7736,0.8259000000000001,0.8259000000000001,0.5256000000000001,0.5065,0.5856,0.7272,0.5858
0.15,text,text + legacy LTE,,,,,,,,,
0.15,dynamic_rule,dynamic missing + rule router + legacy LTE,,,,,,,,,
0.15,text_mstcn,text + MSTCN,,,,,,,,,
0.15,dynamic_lte_mstcn,dynamic missing + LTE MSTCN + rule router,,,,,,,,,
0.2,text,text + legacy LTE,0.8120999999999999,0.8143,0.8151999999999999,0.8212999999999999,0.5283,0.5114,0.6011,0.6918000000000001,0.6008
0.2,dynamic_rule,dynamic missing + rule router + legacy LTE,0.736,0.7333,0.7787999999999999,0.7842,0.5193,0.5093,0.6019,0.6806,0.6015999999999999
0.2,text_mstcn,text + MSTCN,0.8268000000000001,0.836,0.8066,0.8181999999999999,0.5279,0.5115,0.5997,0.6801999999999999,0.5995
0.2,dynamic_lte_mstcn,dynamic missing + LTE MSTCN + rule router,0.7859,0.7839,0.8067,0.8099,0.5186,0.5032,0.6043,0.6933,0.6043
0.25,text,text + legacy LTE,,,,,,,,,
0.25,dynamic_rule,dynamic missing + rule router + legacy LTE,,,,,,,,,
0.25,text_mstcn,text + MSTCN,,,,,,,,,
0.25,dynamic_lte_mstcn,dynamic missing + LTE MSTCN + rule router,,,,,,,,,
0.3,text,text + legacy LTE,0.7532,0.7501000000000001,0.7867000000000001,0.7896,0.5105,0.4961,0.6286,0.6572,0.6279
0.3,dynamic_rule,dynamic missing + rule router + legacy LTE,0.8078,0.8123999999999999,0.8008,0.8089,0.5089,0.4938,0.6325,0.6511,0.6319
0.3,text_mstcn,text + MSTCN,0.7351000000000001,0.73,0.7745000000000001,0.7775,0.5115,0.5005,0.6201,0.6516,0.6198
0.3,dynamic_lte_mstcn,dynamic missing + LTE MSTCN + rule router,0.7311,0.7256,0.7768999999999999,0.779,0.5097999999999999,0.4989,0.621,0.6561,0.6206
0.35,text,text + legacy LTE,,,,,,,,,
0.35,dynamic_rule,dynamic missing + rule router + legacy LTE,,,,,,,,,
0.35,text_mstcn,text + MSTCN,,,,,,,,,
0.35,dynamic_lte_mstcn,dynamic missing + LTE MSTCN + rule router,,,,,,,,,
0.4,text,text + legacy LTE,0.7276,0.7164,0.7802,0.7784,0.48969999999999997,0.4817,0.645,0.6291,0.6444
0.4,dynamic_rule,dynamic missing + rule router + legacy LTE,0.7041,0.7004,0.7467,0.7515000000000001,0.4905,0.4763,0.6598999999999999,0.603,0.6593000000000001
0.4,text_mstcn,text + MSTCN,0.703,0.6914,0.7587,0.7569,0.4982,0.4875,0.6509999999999999,0.6139,0.6505
0.4,dynamic_lte_mstcn,dynamic missing + LTE MSTCN + rule router,0.7245,0.7283,0.7447,0.7543000000000001,0.4746,0.4656,0.6724,0.618,0.672
0.45,text,text + legacy LTE,,,,,,,,,
0.45,dynamic_rule,dynamic missing + rule router + legacy LTE,,,,,,,,,
0.45,text_mstcn,text + MSTCN,,,,,,,,,
0.45,dynamic_lte_mstcn,dynamic missing + LTE MSTCN + rule router,,,,,,,,,
0.5,text,text + legacy LTE,0.7783,0.7837000000000001,0.7714,0.782,0.478,0.4707,0.6768000000000001,0.5769,0.6766
0.5,dynamic_rule,dynamic missing + rule router + legacy LTE,0.75,0.7484999999999999,0.7651,0.7706999999999999,0.47479999999999994,0.4653,0.6826000000000001,0.5760000000000001,0.682
0.5,text_mstcn,text + MSTCN,0.7654000000000001,0.7703,0.7626000000000001,0.7735,0.47700000000000004,0.4686,0.6807,0.5720000000000001,0.6807
0.5,dynamic_lte_mstcn,dynamic missing + LTE MSTCN + rule router,0.7317,0.7321,0.7493000000000001,0.7581,0.4728,0.4661,0.6819,0.5696,0.6819
0.55,text,text + legacy LTE,,,,,,,,,
0.55,dynamic_rule,dynamic missing + rule router + legacy LTE,,,,,,,,,
0.55,text_mstcn,text + MSTCN,,,,,,,,,
0.55,dynamic_lte_mstcn,dynamic missing + LTE MSTCN + rule router,,,,,,,,,
0.6,text,text + legacy LTE,0.6731,0.6648999999999999,0.7182,0.7189,0.4501,0.445,0.7128,0.5382,0.7121
0.6,dynamic_rule,dynamic missing + rule router + legacy LTE,0.7264,0.7242000000000001,0.7425,0.7479,0.46869999999999995,0.4625,0.6987000000000001,0.5294,0.6987000000000001
0.6,text_mstcn,text + MSTCN,0.7238,0.7222,0.7402,0.7469,0.4636,0.4582,0.6983,0.5367999999999999,0.6984
0.6,dynamic_lte_mstcn,dynamic missing + LTE MSTCN + rule router,0.7487999999999999,0.7498999999999999,0.7545999999999999,0.7626999999999999,0.4562,0.4506,0.7038,0.5353,0.7036
