index,id,y_true,y_pred,w_text,w_audio,w_vision,selected_anchor,availability_text,availability_audio,availability_vision
357,lXPQBPVc5Cw$_$14,-2.200000047683716,-2.7210333347320557,0.051777277141809464,0.042648378759622574,0.905574381351471,vision,1.0,1.0,1.0
117,d3_k5Xpfmik$_$7,0.4000000059604645,-0.27078598737716675,0.0022516618482768536,0.001421616761945188,0.996326744556427,vision,1.0,1.0,1.0
217,f9O3YtZ2VfI$_$11,-0.800000011920929,-1.974954605102539,0.049740683287382126,0.04038490355014801,0.9098743796348572,vision,1.0,1.0,1.0
464,rnaNMUZpvvg$_$15,-1.600000023841858,-1.8192765712738037,0.06063828244805336,0.05009021982550621,0.8892715573310852,vision,1.0,1.0,1.0
659,zhpQhgha_KU$_$28,1.399999976158142,1.888070821762085,0.07180487364530563,0.06051067262887955,0.8676844239234924,vision,1.0,1.0,1.0
121,d6hH302o4v8$_$42,-1.399999976158142,-1.4951165914535522,0.07324153184890747,0.0619150847196579,0.8648433685302734,vision,1.0,1.0,1.0
587,wMbj6ajWbic$_$5,0.20000000298023224,2.29079270362854,0.06303475052118301,0.052247341722249985,0.8847179412841797,vision,1.0,1.0,1.0
156,d6hH302o4v8$_$31,-1.399999976158142,-1.4577831029891968,0.057368602603673935,0.04726407676935196,0.8953673243522644,vision,1.0,1.0,1.0
500,tStelxIAHjw$_$7,1.399999976158142,1.7971900701522827,0.06936571002006531,0.05781468376517296,0.8728196024894714,vision,1.0,1.0,1.0
113,d3_k5Xpfmik$_$3,2.0,1.6664973497390747,0.043498601764440536,0.034716591238975525,0.9217847585678101,vision,1.0,1.0,1.0
533,v0zCBqDeKcE$_$2,-0.4000000059604645,1.8755125999450684,0.06516573578119278,0.05447151139378548,0.8803627490997314,vision,1.0,1.0,1.0
183,etzxEpPuc6I$_$15,0.20000000298023224,-0.34597596526145935,0.003267588559538126,0.0021248303819447756,0.9946075677871704,vision,1.0,1.0,1.0
91,cXypl4FnoZo$_$8,1.399999976158142,0.9355530738830566,0.02407960407435894,0.018361542373895645,0.957558810710907,vision,1.0,1.0,1.0
185,etzxEpPuc6I$_$17,-0.4000000059604645,-1.8274792432785034,0.05050945281982422,0.04102073982357979,0.9084698557853699,vision,1.0,1.0,1.0
603,wMbj6ajWbic$_$30,0.800000011920929,-1.0236237049102783,0.05275486782193184,0.04278909042477608,0.9044561386108398,vision,1.0,1.0,1.0
460,rnaNMUZpvvg$_$11,-2.5999999046325684,-1.8737040758132935,0.04793567955493927,0.038759540766477585,0.9133048057556152,vision,1.0,1.0,1.0
382,nzpVDcQ0ywM$_$4,-1.600000023841858,-1.629118800163269,0.07240186631679535,0.06096958741545677,0.8666286468505859,vision,1.0,1.0,1.0
243,fvVhgmXxadc$_$11,-0.20000000298023224,-0.21516957879066467,0.003536693984642625,0.002310490468516946,0.994152843952179,vision,1.0,1.0,1.0
288,jUzDDGyPkXU$_$7,-0.6000000238418579,-0.6748632788658142,0.002681559883058071,0.0017238148720934987,0.9955946803092957,vision,1.0,1.0,1.0
306,k5Y_838nuGo$_$20,0.4000000059604645,0.3220784664154053,0.014416713267564774,0.010539117269217968,0.9750442504882812,vision,1.0,1.0,1.0
362,lXPQBPVc5Cw$_$30,-2.0,-0.4545864760875702,0.0026927413418889046,0.001733144628815353,0.9955741167068481,vision,1.0,1.0,1.0
643,yvsjCA6Y5Fc$_$13,-2.0,-1.7245540618896484,0.07354505360126495,0.062209080904722214,0.8642457723617554,vision,1.0,1.0,1.0
387,nzpVDcQ0ywM$_$11,0.0,-0.6891413927078247,0.015595548786222935,0.011556219309568405,0.9728482961654663,vision,1.0,1.0,1.0
284,jUzDDGyPkXU$_$3,0.0,0.38081154227256775,0.0023045602720230818,0.0014543955912813544,0.9962410926818848,vision,1.0,1.0,1.0
296,jUzDDGyPkXU$_$15,1.3333333730697632,0.41206368803977966,0.0020733692217618227,0.0012974682031199336,0.9966290593147278,vision,1.0,1.0,1.0
64,cW1FSBF59ik$_$10,-1.0,2.190871000289917,0.06148518621921539,0.05059460550546646,0.8879202604293823,vision,1.0,1.0,1.0
668,zhpQhgha_KU$_$9,-1.0,-1.683250904083252,0.05590929836034775,0.04576823115348816,0.8983224034309387,vision,1.0,1.0,1.0
531,v0zCBqDeKcE$_$1,2.5999999046325684,2.0032403469085693,0.07123663276433945,0.05992487445473671,0.8688384890556335,vision,1.0,1.0,1.0
285,jUzDDGyPkXU$_$2,2.5999999046325684,2.511230707168579,0.05739523842930794,0.0469808466732502,0.8956239223480225,vision,1.0,1.0,1.0
225,f9O3YtZ2VfI$_$19,-0.6000000238418579,-1.2671520709991455,0.0447496622800827,0.03611556813120842,0.9191347360610962,vision,1.0,1.0,1.0
534,v0zCBqDeKcE$_$5,2.0,2.170372724533081,0.06156502664089203,0.050682615488767624,0.88775235414505,vision,1.0,1.0,1.0
682,zhpQhgha_KU$_$35,0.6000000238418579,2.340010404586792,0.06291167438030243,0.051970504224300385,0.885117769241333,vision,1.0,1.0,1.0
359,lXPQBPVc5Cw$_$16,0.20000000298023224,-1.560441017150879,0.06822721660137177,0.05702728033065796,0.8747455477714539,vision,1.0,1.0,1.0
191,etzxEpPuc6I$_$2,1.2000000476837158,-0.6820188164710999,0.008706705644726753,0.006119054742157459,0.9851742386817932,vision,1.0,1.0,1.0
356,lXPQBPVc5Cw$_$15,-2.799999952316284,-2.284795045852661,0.04902671277523041,0.039995793253183365,0.9109774231910706,vision,1.0,1.0,1.0
375,nzpVDcQ0ywM$_$21,-1.399999976158142,-1.4239182472229004,0.06335508823394775,0.05265657231211662,0.8839883208274841,vision,1.0,1.0,1.0
556,vyB00TXsimI$_$3,2.200000047683716,1.2899749279022217,0.06729297339916229,0.05618233233690262,0.8765246868133545,vision,1.0,1.0,1.0
602,wMbj6ajWbic$_$18,-1.0,-1.226677417755127,0.04467034712433815,0.03583430498838425,0.9194954037666321,vision,1.0,1.0,1.0
371,nbWiPyCm4g0$_$9,-1.399999976158142,-0.7333555817604065,0.0037062230985611677,0.0024534992408007383,0.9938402771949768,vision,1.0,1.0,1.0
326,k5Y_838nuGo$_$14,-1.7999999523162842,-0.5586104393005371,0.006716370582580566,0.004626975394785404,0.9886566996574402,vision,1.0,1.0,1.0
486,tIrG4oNLFzE$_$9,-1.0,0.030302448198199272,0.0025633545592427254,0.00163840944878757,0.9957981705665588,vision,1.0,1.0,1.0
240,f_pcplsH_V0$_$6,1.600000023841858,1.4125431776046753,0.06592781841754913,0.05482066422700882,0.8792515993118286,vision,1.0,1.0,1.0
619,yDtzw_Y-7RU$_$10,-0.6000000238418579,-0.12851759791374207,0.006177252158522606,0.004219681024551392,0.9896031022071838,vision,1.0,1.0,1.0
329,k5Y_838nuGo$_$19,-0.6000000238418579,0.09568769484758377,0.0018089524237439036,0.0011199769796803594,0.9970710277557373,vision,1.0,1.0,1.0
391,nzpVDcQ0ywM$_$15,-0.6000000238418579,-0.012032795697450638,0.001905290293507278,0.0011953491484746337,0.9968993663787842,vision,1.0,1.0,1.0
321,k5Y_838nuGo$_$11,0.5,1.0298833847045898,0.02460995502769947,0.01876812055706978,0.9566220045089722,vision,1.0,1.0,1.0
445,phBUpBr1hSo$_$9,-2.0,0.1844290792942047,0.003693177131935954,0.002420509234070778,0.9938862919807434,vision,1.0,1.0,1.0
633,yvsjCA6Y5Fc$_$3,-2.0,-1.6732404232025146,0.07008971273899078,0.05878238379955292,0.8711279630661011,vision,1.0,1.0,1.0
341,lXPQBPVc5Cw$_$28,0.800000011920929,1.438503384590149,0.04338683560490608,0.03490865230560303,0.9217045307159424,vision,1.0,1.0,1.0
623,yDtzw_Y-7RU$_$14,2.200000047683716,2.518897771835327,0.0621831975877285,0.0512872114777565,0.8865295648574829,vision,1.0,1.0,1.0
550,vvZ4IcEtiZc$_$9,2.200000047683716,2.3803343772888184,0.07228720933198929,0.06104341149330139,0.8666694760322571,vision,1.0,1.0,1.0
161,d6hH302o4v8$_$34,-3.0,-2.0298919677734375,0.047451891005039215,0.03849061578512192,0.9140574932098389,vision,1.0,1.0,1.0
72,cW1FSBF59ik$_$18,2.5999999046325684,2.275637626647949,0.060394562780857086,0.04965156316757202,0.8899539709091187,vision,1.0,1.0,1.0
552,vyB00TXsimI$_$20,2.200000047683716,2.099360704421997,0.06590604037046432,0.05482857674360275,0.879265308380127,vision,1.0,1.0,1.0
159,d6hH302o4v8$_$36,-2.200000047683716,-2.1827054023742676,0.058570507913827896,0.048550426959991455,0.8928790092468262,vision,1.0,1.0,1.0
649,yvsjCA6Y5Fc$_$19,-1.600000023841858,-0.7149624824523926,0.0031546917743980885,0.002051730640232563,0.9947935938835144,vision,1.0,1.0,1.0
564,vyB00TXsimI$_$11,-0.20000000298023224,-0.3108002543449402,0.0018379950197413564,0.0011464962735772133,0.9970155954360962,vision,1.0,1.0,1.0
282,jUzDDGyPkXU$_$23,1.2000000476837158,1.6652464866638184,0.05091292783617973,0.04143967851996422,0.9076473116874695,vision,1.0,1.0,1.0
70,cW1FSBF59ik$_$16,3.0,2.1077184677124023,0.06296192854642868,0.05194523185491562,0.8850928544998169,vision,1.0,1.0,1.0
666,zhpQhgha_KU$_$7,1.0,1.5121283531188965,0.0636189877986908,0.052690181881189346,0.8836907744407654,vision,1.0,1.0,1.0
422,pLTX3ipuDJI$_$4,-2.200000047683716,-0.8348998427391052,0.05530070140957832,0.045060522854328156,0.8996387720108032,vision,1.0,1.0,1.0
679,zhpQhgha_KU$_$18,0.6000000238418579,1.9286134243011475,0.06625744700431824,0.05484907329082489,0.8788934350013733,vision,1.0,1.0,1.0
291,jUzDDGyPkXU$_$8,1.7999999523162842,2.400883913040161,0.058661095798015594,0.04809768125414848,0.8932412266731262,vision,1.0,1.0,1.0
667,zhpQhgha_KU$_$6,1.0,1.8784682750701904,0.06538093090057373,0.05424080044031143,0.8803781867027283,vision,1.0,1.0,1.0
388,nzpVDcQ0ywM$_$10,-1.0,-0.753746747970581,0.0081824641674757,0.005733264610171318,0.9860842823982239,vision,1.0,1.0,1.0
19,c7UH_rxdZv4$_$11,1.0,1.0206607580184937,0.00951436534523964,0.0067404028959572315,0.9837452173233032,vision,1.0,1.0,1.0
415,pLTX3ipuDJI$_$15,-1.399999976158142,0.1378512978553772,0.001801647711545229,0.001114668557420373,0.9970836043357849,vision,1.0,1.0,1.0
175,dq3Nf_lMPnE$_$7,-2.0,-1.5320395231246948,0.06481912732124329,0.0536196194589138,0.8815612196922302,vision,1.0,1.0,1.0
363,nbWiPyCm4g0$_$10,1.2000000476837158,2.1416661739349365,0.07214435189962387,0.06090347468852997,0.866952121257782,vision,1.0,1.0,1.0
101,cXypl4FnoZo$_$18,-0.25,-0.7915632128715515,0.013643009588122368,0.009930882602930069,0.9764260649681091,vision,1.0,1.0,1.0
457,rnaNMUZpvvg$_$6,-2.5999999046325684,-1.4825990200042725,0.06009345501661301,0.04942677170038223,0.8904798030853271,vision,1.0,1.0,1.0
120,d3_k5Xpfmik$_$8,2.200000047683716,2.5787038803100586,0.060317911207675934,0.04982490837574005,0.8898571729660034,vision,1.0,1.0,1.0
143,d6hH302o4v8$_$8,-2.200000047683716,-1.159326434135437,0.061661940068006516,0.050748515874147415,0.8875895738601685,vision,1.0,1.0,1.0
176,dq3Nf_lMPnE$_$6,0.800000011920929,-0.08622118085622787,0.003175108227878809,0.0020551609341055155,0.9947696328163147,vision,1.0,1.0,1.0
157,d6hH302o4v8$_$30,-2.799999952316284,-2.4841156005859375,0.03562135994434357,0.028218882158398628,0.9361597299575806,vision,1.0,1.0,1.0
425,pLTX3ipuDJI$_$9,0.0,-0.17692698538303375,0.002593069337308407,0.0016511467983946204,0.9957557916641235,vision,1.0,1.0,1.0
44,cM3Yna7AavY$_$4,0.6000000238418579,0.4823637306690216,0.009023303166031837,0.0064275069162249565,0.9845491647720337,vision,1.0,1.0,1.0
514,tmZoasNr4rU$_$20,-1.0,-0.7697186470031738,0.009576421231031418,0.006819043308496475,0.9836044907569885,vision,1.0,1.0,1.0
350,lXPQBPVc5Cw$_$9,-2.5999999046325684,-1.7437517642974854,0.06240108981728554,0.05151139572262764,0.8860875964164734,vision,1.0,1.0,1.0
338,lXPQBPVc5Cw$_$21,1.7999999523162842,1.9951345920562744,0.062115900218486786,0.05122409760951996,0.8866600394248962,vision,1.0,1.0,1.0
441,phBUpBr1hSo$_$5,-1.399999976158142,-1.2856067419052124,0.06130702793598175,0.05057421326637268,0.8881188035011292,vision,1.0,1.0,1.0
87,cXypl4FnoZo$_$4,-0.800000011920929,-1.163536548614502,0.028522789478302002,0.022140560671687126,0.9493367075920105,vision,1.0,1.0,1.0
635,yvsjCA6Y5Fc$_$5,0.4000000059604645,-0.32186686992645264,0.014478546567261219,0.010693577118217945,0.9748278260231018,vision,1.0,1.0,1.0
132,d6hH302o4v8$_$29,-1.7999999523162842,-1.0992175340652466,0.0538967102766037,0.04411716386675835,0.9019861221313477,vision,1.0,1.0,1.0
274,iiK8YX8oH1E$_$8,-1.0,-0.06852712482213974,0.0017005617264658213,0.001049780985340476,0.9972496628761292,vision,1.0,1.0,1.0
511,tmZoasNr4rU$_$16,-1.399999976158142,-1.1599534749984741,0.03490063175559044,0.027672700583934784,0.937426745891571,vision,1.0,1.0,1.0
507,tmZoasNr4rU$_$12,-2.200000047683716,-1.584507703781128,0.05789307504892349,0.04754088446497917,0.8945660591125488,vision,1.0,1.0,1.0
246,fvVhgmXxadc$_$12,0.0,0.028847046196460724,0.0016315573593601584,0.0010025798110291362,0.9973658919334412,vision,1.0,1.0,1.0
597,wMbj6ajWbic$_$15,2.0,0.2894282937049866,0.007985622622072697,0.00557307992130518,0.9864413142204285,vision,1.0,1.0,1.0
116,d3_k5Xpfmik$_$4,-1.0,-1.4595882892608643,0.06285420805215836,0.051854208111763,0.885291576385498,vision,1.0,1.0,1.0
566,vyB00TXsimI$_$13,2.4000000953674316,1.6761277914047241,0.0756758376955986,0.06431315839290619,0.8600109815597534,vision,1.0,1.0,1.0
355,lXPQBPVc5Cw$_$12,-2.0,-1.901571273803711,0.053127117455005646,0.04338693246245384,0.9034859538078308,vision,1.0,1.0,1.0
311,k5Y_838nuGo$_$29,-0.75,-0.6477162837982178,0.006260534282773733,0.0042936550453305244,0.9894458651542664,vision,1.0,1.0,1.0
381,nzpVDcQ0ywM$_$5,-0.4000000059604645,-0.13257047533988953,0.019424481317400932,0.01465502567589283,0.9659205079078674,vision,1.0,1.0,1.0
373,nzpVDcQ0ywM$_$24,1.600000023841858,1.3890297412872314,0.058006346225738525,0.04750852659344673,0.8944850564002991,vision,1.0,1.0,1.0
33,cM3Yna7AavY$_$11,2.0,1.6520414352416992,0.07708717882633209,0.06560080498456955,0.857312023639679,vision,1.0,1.0,1.0
248,fvVhgmXxadc$_$1,-0.4000000059604645,0.7913985848426819,0.02447124756872654,0.01870575360953808,0.9568229913711548,vision,1.0,1.0,1.0
651,zhpQhgha_KU$_$24,0.0,0.03898850828409195,0.0041155689395964146,0.0027208111714571714,0.9931635856628418,vision,1.0,1.0,1.0
65,cW1FSBF59ik$_$13,2.0,0.9536176919937134,0.0028756868559867144,0.0018488651840016246,0.9952753782272339,vision,1.0,1.0,1.0
151,d6hH302o4v8$_$14,-1.7999999523162842,-1.8631253242492676,0.05707854405045509,0.046987902373075485,0.8959335684776306,vision,1.0,1.0,1.0
60,cW1FSBF59ik$_$6,1.2000000476837158,2.113595724105835,0.06260912120342255,0.051608920097351074,0.88578200340271,vision,1.0,1.0,1.0
68,cW1FSBF59ik$_$14,-1.2000000476837158,-0.9695419073104858,0.04050977900624275,0.03227243572473526,0.9272177815437317,vision,1.0,1.0,1.0
115,d3_k5Xpfmik$_$5,2.200000047683716,0.5577237010002136,0.04951828718185425,0.040106404572725296,0.9103753566741943,vision,1.0,1.0,1.0
112,d3_k5Xpfmik$_$1,2.0,1.6206971406936646,0.05632932856678963,0.0459892600774765,0.897681474685669,vision,1.0,1.0,1.0
280,jUzDDGyPkXU$_$21,-1.0,-0.9050737619400024,0.0554453581571579,0.04556705430150032,0.8989875912666321,vision,1.0,1.0,1.0
580,wMbj6ajWbic$_$22,1.399999976158142,1.5264551639556885,0.038735032081604004,0.03065820038318634,0.9306068420410156,vision,1.0,1.0,1.0
137,d6hH302o4v8$_$2,-1.7999999523162842,-1.4967025518417358,0.07174371927976608,0.06026727333664894,0.8679890632629395,vision,1.0,1.0,1.0
94,cXypl4FnoZo$_$13,-1.0,-1.1762714385986328,0.05022525414824486,0.04063458740711212,0.9091401696205139,vision,1.0,1.0,1.0
352,lXPQBPVc5Cw$_$11,-1.7999999523162842,-1.2543599605560303,0.0637892484664917,0.05294652283191681,0.8832642436027527,vision,1.0,1.0,1.0
82,cXypl4FnoZo$_$29,-1.399999976158142,-1.1689021587371826,0.05591854080557823,0.04561470448970795,0.8984667658805847,vision,1.0,1.0,1.0
483,tIrG4oNLFzE$_$4,1.399999976158142,-0.10343587398529053,0.011229041032493114,0.008105077780783176,0.9806658625602722,vision,1.0,1.0,1.0
447,phBUpBr1hSo$_$21,0.800000011920929,0.8641059398651123,0.01173583883792162,0.008444039151072502,0.9798200726509094,vision,1.0,1.0,1.0
73,cXypl4FnoZo$_$24,0.20000000298023224,-0.3489159345626831,0.0027355505153536797,0.0017523635178804398,0.995512068271637,vision,1.0,1.0,1.0
74,cXypl4FnoZo$_$25,-1.2000000476837158,-0.37413981556892395,0.0064621553756296635,0.004446574952453375,0.9890913367271423,vision,1.0,1.0,1.0
216,f9O3YtZ2VfI$_$8,-1.7999999523162842,-1.214521050453186,0.048424895852804184,0.03901214897632599,0.9125629663467407,vision,1.0,1.0,1.0
47,cM3Yna7AavY$_$9,-0.20000000298023224,0.51470947265625,0.0026035248301923275,0.0016763946041464806,0.9957200884819031,vision,1.0,1.0,1.0
305,k5Y_838nuGo$_$27,-0.800000011920929,-0.13420161604881287,0.003516895929351449,0.0023020482622087,0.9941809773445129,vision,1.0,1.0,1.0
307,k5Y_838nuGo$_$21,-0.20000000298023224,-1.839495062828064,0.072240449488163,0.06105782464146614,0.8667016625404358,vision,1.0,1.0,1.0
218,f9O3YtZ2VfI$_$10,-2.0,-0.3016152083873749,0.00590532086789608,0.004022175911813974,0.99007248878479,vision,1.0,1.0,1.0
409,ob23OKe5a9Q$_$9,-1.399999976158142,-1.6046496629714966,0.06269152462482452,0.051703132688999176,0.8856053352355957,vision,1.0,1.0,1.0
207,f9O3YtZ2VfI$_$29,-2.0,0.1460815668106079,0.0019980869255959988,0.0012481501325964928,0.9967537522315979,vision,1.0,1.0,1.0
654,zhpQhgha_KU$_$27,0.800000011920929,1.3196384906768799,0.025167090818285942,0.01923694834113121,0.9555959105491638,vision,1.0,1.0,1.0
669,zhpQhgha_KU$_$8,-1.0,-1.734884262084961,0.052011243999004364,0.04233485087752342,0.9056538343429565,vision,1.0,1.0,1.0
174,dq3Nf_lMPnE$_$4,-0.4000000059604645,0.27265846729278564,0.0034055605065077543,0.0022189058363437653,0.994375467300415,vision,1.0,1.0,1.0
394,nzpVDcQ0ywM$_$16,1.399999976158142,1.239486575126648,0.045245639979839325,0.03652265667915344,0.9182316660881042,vision,1.0,1.0,1.0
43,cM3Yna7AavY$_$5,2.799999952316284,-2.262913942337036,0.0527254156768322,0.043403640389442444,0.9038708806037903,vision,1.0,1.0,1.0
443,phBUpBr1hSo$_$7,-1.0,0.12853094935417175,0.004151660017669201,0.0027468784246593714,0.9931013584136963,vision,1.0,1.0,1.0
466,rnaNMUZpvvg$_$17,-1.600000023841858,-1.3640763759613037,0.06415536254644394,0.053187526762485504,0.8826571702957153,vision,1.0,1.0,1.0
29,c7UH_rxdZv4$_$31,-1.399999976158142,-1.0392645597457886,0.021609744057059288,0.016335297375917435,0.9620549082756042,vision,1.0,1.0,1.0
680,zhpQhgha_KU$_$31,-1.0,-0.9172263741493225,0.059729937463998795,0.048989396542310715,0.8912806510925293,vision,1.0,1.0,1.0
365,nbWiPyCm4g0$_$3,-1.7999999523162842,-0.42597442865371704,0.0032649775967001915,0.002134813694283366,0.9946002960205078,vision,1.0,1.0,1.0
342,lXPQBPVc5Cw$_$29,-1.2000000476837158,-0.9356756806373596,0.010641644708812237,0.007661838084459305,0.9816964268684387,vision,1.0,1.0,1.0
152,d6hH302o4v8$_$17,-2.0,-1.8228245973587036,0.06820589303970337,0.05732876807451248,0.8744653463363647,vision,1.0,1.0,1.0
317,k5Y_838nuGo$_$7,-2.4000000953674316,-2.3280107975006104,0.03798593580722809,0.030230578035116196,0.9317834377288818,vision,1.0,1.0,1.0
570,vyB00TXsimI$_$17,1.399999976158142,0.5118144750595093,0.004796265158802271,0.0032303654588758945,0.9919732809066772,vision,1.0,1.0,1.0
685,zhpQhgha_KU$_$32,0.800000011920929,1.0976743698120117,0.01260865107178688,0.00912248995155096,0.9782688021659851,vision,1.0,1.0,1.0
487,tIrG4oNLFzE$_$8,-1.2000000476837158,-1.2450484037399292,0.06011905521154404,0.04981204867362976,0.8900689482688904,vision,1.0,1.0,1.0
318,k5Y_838nuGo$_$6,2.0,1.9679899215698242,0.0634928047657013,0.05245364457368851,0.884053647518158,vision,1.0,1.0,1.0
675,zhpQhgha_KU$_$14,-1.5,-2.080014944076538,0.06309903413057327,0.052737411111593246,0.884163498878479,vision,1.0,1.0,1.0
638,yvsjCA6Y5Fc$_$6,0.0,-0.8790959119796753,0.011495505459606647,0.008248058147728443,0.9802564382553101,vision,1.0,1.0,1.0
611,yDtzw_Y-7RU$_$2,0.800000011920929,0.025843476876616478,0.004389034118503332,0.002930225105956197,0.9926807284355164,vision,1.0,1.0,1.0
376,nzpVDcQ0ywM$_$22,2.0,2.0647799968719482,0.07250431925058365,0.061242640018463135,0.866253137588501,vision,1.0,1.0,1.0
496,tStelxIAHjw$_$3,0.5,0.973045825958252,0.008478548377752304,0.00594754982739687,0.985573947429657,vision,1.0,1.0,1.0
554,vyB00TXsimI$_$22,0.6000000238418579,0.21905049681663513,0.0019450625404715538,0.001217035693116486,0.996837854385376,vision,1.0,1.0,1.0
432,phBUpBr1hSo$_$14,-1.2000000476837158,-0.2931032180786133,0.0023620231077075005,0.0014928545570001006,0.9961451292037964,vision,1.0,1.0,1.0
46,cM3Yna7AavY$_$6,2.799999952316284,2.551903486251831,0.06880146265029907,0.05770120769739151,0.8734973073005676,vision,1.0,1.0,1.0
77,cXypl4FnoZo$_$20,-1.0,0.027850475162267685,0.003079454181715846,0.00199366407468915,0.994926929473877,vision,1.0,1.0,1.0
565,vyB00TXsimI$_$10,1.3333333730697632,1.0344352722167969,0.008928446099162102,0.006286791991442442,0.9847848415374756,vision,1.0,1.0,1.0
518,tmZoasNr4rU$_$5,-0.800000011920929,-0.7016703486442566,0.004570966120809317,0.0030565427150577307,0.9923725128173828,vision,1.0,1.0,1.0
52,cW1FSBF59ik$_$22,-1.0,0.029947124421596527,0.0021007780451327562,0.0013155469205230474,0.9965837001800537,vision,1.0,1.0,1.0
235,f_pcplsH_V0$_$3,0.800000011920929,-0.023797208443284035,0.0019325315952301025,0.001202250481583178,0.9968652129173279,vision,1.0,1.0,1.0
198,f9O3YtZ2VfI$_$24,-2.5999999046325684,-0.7112872004508972,0.03812786564230919,0.030235348269343376,0.9316368103027344,vision,1.0,1.0,1.0
395,nzpVDcQ0ywM$_$19,-2.0,0.8419033288955688,0.024424593895673752,0.018800752237439156,0.9567746520042419,vision,1.0,1.0,1.0
378,nzpVDcQ0ywM$_$1,0.0,0.6085550785064697,0.0020585416350513697,0.001297438982874155,0.996644139289856,vision,1.0,1.0,1.0
616,yDtzw_Y-7RU$_$9,-1.0,0.5959651470184326,0.05035720393061638,0.041066158562898636,0.9085767269134521,vision,1.0,1.0,1.0
273,iiK8YX8oH1E$_$9,0.4000000059604645,0.40039771795272827,0.0023237101268023252,0.0014710909454151988,0.9962052702903748,vision,1.0,1.0,1.0
55,cW1FSBF59ik$_$3,-1.0,-0.6258738040924072,0.002976604038849473,0.00193702126853168,0.9950863718986511,vision,1.0,1.0,1.0
332,k5Y_838nuGo$_$30,1.600000023841858,1.4129990339279175,0.02582481876015663,0.019776033237576485,0.9543991088867188,vision,1.0,1.0,1.0
241,f_pcplsH_V0$_$9,-2.4000000953674316,-1.3768972158432007,0.06545035541057587,0.05445397272706032,0.8800956606864929,vision,1.0,1.0,1.0
147,d6hH302o4v8$_$10,-1.2000000476837158,-0.6151379942893982,0.008722328580915928,0.0061568524688482285,0.9851208925247192,vision,1.0,1.0,1.0
223,f9O3YtZ2VfI$_$17,-2.0,0.5254456400871277,0.004607269074767828,0.0030907955951988697,0.9923019409179688,vision,1.0,1.0,1.0
39,cM3Yna7AavY$_$16,-2.799999952316284,-0.8570489287376404,0.06303413212299347,0.05253400653600693,0.884431779384613,vision,1.0,1.0,1.0
537,v0zCBqDeKcE$_$6,0.800000011920929,0.5555616021156311,0.0020637682173401117,0.0012911739759147167,0.9966450333595276,vision,1.0,1.0,1.0
266,iiK8YX8oH1E$_$1,-2.5999999046325684,0.45553094148635864,0.020837271586060524,0.015688473358750343,0.9634742736816406,vision,1.0,1.0,1.0
96,cXypl4FnoZo$_$15,0.0,-0.5334870219230652,0.0029478585347533226,0.0019043972715735435,0.9951477646827698,vision,1.0,1.0,1.0
294,jUzDDGyPkXU$_$13,-0.6000000238418579,-0.5173541307449341,0.0024113517720252275,0.0015319074736908078,0.9960567951202393,vision,1.0,1.0,1.0
193,etzxEpPuc6I$_$4,0.800000011920929,1.4844989776611328,0.034170474857091904,0.026742221787571907,0.9390873312950134,vision,1.0,1.0,1.0
671,zhpQhgha_KU$_$10,0.6000000238418579,1.4306977987289429,0.04527829959988594,0.03625474497675896,0.9184669852256775,vision,1.0,1.0,1.0
84,cXypl4FnoZo$_$3,1.7999999523162842,1.7183012962341309,0.06636827439069748,0.05524121969938278,0.8783905506134033,vision,1.0,1.0,1.0
493,tStelxIAHjw$_$14,-1.7999999523162842,-0.7946372032165527,0.018958805128932,0.014152546413242817,0.9668886661529541,vision,1.0,1.0,1.0
127,d6hH302o4v8$_$20,1.0,-0.15040171146392822,0.003855001414194703,0.002555810147896409,0.9935891628265381,vision,1.0,1.0,1.0
238,f_pcplsH_V0$_$4,0.5,0.046540550887584686,0.0019851636607199907,0.0012381121050566435,0.9967766404151917,vision,1.0,1.0,1.0
515,tmZoasNr4rU$_$1,0.0,0.26192614436149597,0.0019417376024648547,0.0012088508810847998,0.9968493580818176,vision,1.0,1.0,1.0
542,vvZ4IcEtiZc$_$12,0.20000000298023224,1.179983377456665,0.0068755121901631355,0.004782721400260925,0.988341748714447,vision,1.0,1.0,1.0
42,cM3Yna7AavY$_$2,2.5,1.1278314590454102,0.014259759336709976,0.010510807856917381,0.9752293825149536,vision,1.0,1.0,1.0
48,cM3Yna7AavY$_$8,-0.6000000238418579,-1.708620309829712,0.07462140172719955,0.06342796236276627,0.8619506359100342,vision,1.0,1.0,1.0
335,lXPQBPVc5Cw$_$26,-2.799999952316284,-1.932532787322998,0.04797646030783653,0.03882432356476784,0.9131991267204285,vision,1.0,1.0,1.0
59,cW1FSBF59ik$_$7,0.5,0.20154201984405518,0.0022527535911649466,0.0014259297167882323,0.9963213205337524,vision,1.0,1.0,1.0
600,wMbj6ajWbic$_$16,-0.4000000059604645,-0.8633541464805603,0.012450519017875195,0.008979171514511108,0.978570282459259,vision,1.0,1.0,1.0
411,pLTX3ipuDJI$_$11,0.6000000238418579,-0.5084080696105957,0.01168536115437746,0.00839905720204115,0.9799156188964844,vision,1.0,1.0,1.0
519,tmZoasNr4rU$_$4,-0.800000011920929,-1.3729783296585083,0.0428738072514534,0.03448329493403435,0.9226428866386414,vision,1.0,1.0,1.0
108,d3_k5Xpfmik$_$17,1.600000023841858,0.3004404306411743,0.001979408087208867,0.0012363782152533531,0.9967842102050781,vision,1.0,1.0,1.0
99,cXypl4FnoZo$_$16,-0.6000000238418579,-1.2572187185287476,0.033366717398166656,0.02605557255446911,0.9405778050422668,vision,1.0,1.0,1.0
97,cXypl4FnoZo$_$14,-0.6000000238418579,-0.6243934035301208,0.003659948008134961,0.002397551666945219,0.9939424395561218,vision,1.0,1.0,1.0
530,v0zCBqDeKcE$_$16,0.0,0.5400087833404541,0.003652291838079691,0.002391854068264365,0.9939559102058411,vision,1.0,1.0,1.0
524,v0zCBqDeKcE$_$11,1.600000023841858,1.3278024196624756,0.03981231898069382,0.03156962990760803,0.9286180734634399,vision,1.0,1.0,1.0
393,nzpVDcQ0ywM$_$17,1.600000023841858,1.8993728160858154,0.06960797309875488,0.05822909623384476,0.872162938117981,vision,1.0,1.0,1.0
553,vyB00TXsimI$_$21,1.2000000476837158,1.3345129489898682,0.0432715080678463,0.03455032780766487,0.9221780896186829,vision,1.0,1.0,1.0
145,d6hH302o4v8$_$38,-3.0,-1.5826239585876465,0.06362412124872208,0.052819475531578064,0.8835564851760864,vision,1.0,1.0,1.0
419,pLTX3ipuDJI$_$3,-1.2000000476837158,-0.44496095180511475,0.003707955125719309,0.0024300047662109137,0.9938620328903198,vision,1.0,1.0,1.0
380,nzpVDcQ0ywM$_$2,-1.600000023841858,-0.2832586467266083,0.00338360364548862,0.0022204008419066668,0.9943959712982178,vision,1.0,1.0,1.0
125,d6hH302o4v8$_$26,-2.5999999046325684,-1.5272653102874756,0.055505938827991486,0.04572088271379471,0.898773193359375,vision,1.0,1.0,1.0
463,rnaNMUZpvvg$_$12,-1.0,-0.29595592617988586,0.018183188512921333,0.013535180129110813,0.968281626701355,vision,1.0,1.0,1.0
79,cXypl4FnoZo$_$22,0.20000000298023224,-0.220747172832489,0.002201515482738614,0.001388140837661922,0.9964103102684021,vision,1.0,1.0,1.0
179,etzxEpPuc6I$_$11,-1.600000023841858,-0.7486820816993713,0.0059343064203858376,0.004037310369312763,0.9900283217430115,vision,1.0,1.0,1.0
138,d6hH302o4v8$_$5,-1.3333333730697632,-1.908155918121338,0.05962751805782318,0.04962431639432907,0.8907482028007507,vision,1.0,1.0,1.0
474,tIrG4oNLFzE$_$15,-2.0,0.9433265328407288,0.007301982492208481,0.005077039357274771,0.987621009349823,vision,1.0,1.0,1.0
532,v0zCBqDeKcE$_$3,0.6000000238418579,1.2334496974945068,0.05669834464788437,0.04647472873330116,0.8968269228935242,vision,1.0,1.0,1.0
482,tIrG4oNLFzE$_$5,0.4000000059604645,1.4948378801345825,0.042495567351579666,0.03383663296699524,0.923667848110199,vision,1.0,1.0,1.0
598,wMbj6ajWbic$_$14,-0.800000011920929,-0.8764305710792542,0.03787672519683838,0.029877254739403725,0.9322460293769836,vision,1.0,1.0,1.0
661,zhpQhgha_KU$_$1,-1.600000023841858,-1.523192048072815,0.06256326287984848,0.051619354635477066,0.8858174681663513,vision,1.0,1.0,1.0
300,jUzDDGyPkXU$_$19,2.200000047683716,-1.422800064086914,0.06315696984529495,0.05222126096487045,0.8846217393875122,vision,1.0,1.0,1.0
516,tmZoasNr4rU$_$3,-2.0,-1.7538121938705444,0.05964653939008713,0.049256034195423126,0.8910974860191345,vision,1.0,1.0,1.0
302,k5Y_838nuGo$_$24,0.6000000238418579,1.0621248483657837,0.05201363191008568,0.04231836274266243,0.9056680202484131,vision,1.0,1.0,1.0
610,yDtzw_Y-7RU$_$3,0.75,-0.27884167432785034,0.0026053395122289658,0.001660109730437398,0.9957345128059387,vision,1.0,1.0,1.0
656,zhpQhgha_KU$_$21,0.6000000238418579,0.11328619718551636,0.0017730877734720707,0.0010955194011330605,0.99713134765625,vision,1.0,1.0,1.0
333,lXPQBPVc5Cw$_$24,-1.399999976158142,-1.8685319423675537,0.05812973156571388,0.04799017682671547,0.8938801288604736,vision,1.0,1.0,1.0
322,k5Y_838nuGo$_$10,2.0,1.2689658403396606,0.03330320492386818,0.02601504884660244,0.9406818151473999,vision,1.0,1.0,1.0
260,iiK8YX8oH1E$_$12,1.7999999523162842,2.194666862487793,0.06566708534955978,0.05471663549542427,0.8796163201332092,vision,1.0,1.0,1.0
271,iiK8YX8oH1E$_$7,-1.600000023841858,-1.583194375038147,0.06251693516969681,0.05183757469058037,0.8856455683708191,vision,1.0,1.0,1.0
299,jUzDDGyPkXU$_$16,1.2000000476837158,1.195692539215088,0.01620851829648018,0.011976644396781921,0.9718148708343506,vision,1.0,1.0,1.0
250,fvVhgmXxadc$_$2,-2.799999952316284,-0.8385465741157532,0.04669301584362984,0.03765064850449562,0.915656328201294,vision,1.0,1.0,1.0
364,nbWiPyCm4g0$_$1,1.2000000476837158,1.5272268056869507,0.03038725070655346,0.023815598338842392,0.9457971453666687,vision,1.0,1.0,1.0
369,nbWiPyCm4g0$_$7,-1.2000000476837158,-1.263794183731079,0.024380134418606758,0.018769942224025726,0.956849992275238,vision,1.0,1.0,1.0
202,f9O3YtZ2VfI$_$20,-0.4000000059604645,-0.22364526987075806,0.00333458767272532,0.0021714072208851576,0.9944940209388733,vision,1.0,1.0,1.0
4,c7UH_rxdZv4$_$20,-1.7999999523162842,-1.3017038106918335,0.01477422658354044,0.010886619798839092,0.9743391275405884,vision,1.0,1.0,1.0
324,k5Y_838nuGo$_$12,0.20000000298023224,0.00875968299806118,0.0026989616453647614,0.0017265728674829006,0.9955744743347168,vision,1.0,1.0,1.0
21,c7UH_rxdZv4$_$13,-2.5999999046325684,1.0195204019546509,0.04153647646307945,0.03301994502544403,0.9254435300827026,vision,1.0,1.0,1.0
678,zhpQhgha_KU$_$19,-0.800000011920929,-1.0687335729599,0.06610622256994247,0.054778873920440674,0.8791148662567139,vision,1.0,1.0,1.0
578,wMbj6ajWbic$_$20,-0.4000000059604645,0.505702555179596,0.0035653600934892893,0.002330353017896414,0.9941043257713318,vision,1.0,1.0,1.0
617,yDtzw_Y-7RU$_$8,-1.5,-0.5604000091552734,0.00316578708589077,0.002048774156719446,0.994785487651825,vision,1.0,1.0,1.0
622,yDtzw_Y-7RU$_$15,0.6000000238418579,0.637880265712738,0.002274795901030302,0.0014347622636705637,0.9962905645370483,vision,1.0,1.0,1.0
102,d3_k5Xpfmik$_$11,2.4000000953674316,2.326627016067505,0.060931526124477386,0.05014732480049133,0.8889212012290955,vision,1.0,1.0,1.0
498,tStelxIAHjw$_$5,-2.200000047683716,-1.502366304397583,0.06141373887658119,0.050639260560274124,0.8879469633102417,vision,1.0,1.0,1.0
582,wMbj6ajWbic$_$28,2.4000000953674316,2.2652721405029297,0.06025036424398422,0.04950378090143204,0.8902458548545837,vision,1.0,1.0,1.0
615,yDtzw_Y-7RU$_$6,-1.2000000476837158,-1.796816349029541,0.06059348210692406,0.04985705763101578,0.8895494341850281,vision,1.0,1.0,1.0
504,tmZoasNr4rU$_$11,-0.6000000238418579,0.08350209891796112,0.0022081700153648853,0.0013884272193536162,0.9964034557342529,vision,1.0,1.0,1.0
586,wMbj6ajWbic$_$2,-0.800000011920929,-1.141777515411377,0.043838467448949814,0.0349801667034626,0.921181321144104,vision,1.0,1.0,1.0
233,f_pcplsH_V0$_$14,-1.0,-0.4443197548389435,0.006827987730503082,0.004717239644378424,0.9884548187255859,vision,1.0,1.0,1.0
66,cW1FSBF59ik$_$12,2.200000047683716,-1.5359013080596924,0.06298384815454483,0.05198495090007782,0.8850312232971191,vision,1.0,1.0,1.0
114,d3_k5Xpfmik$_$2,0.0,-0.4551551640033722,0.007411255966871977,0.005136770661920309,0.98745197057724,vision,1.0,1.0,1.0
484,tIrG4oNLFzE$_$7,-1.399999976158142,-0.8195841908454895,0.00856906920671463,0.0060377526096999645,0.985393226146698,vision,1.0,1.0,1.0
90,cXypl4FnoZo$_$9,1.2000000476837158,1.5385476350784302,0.050218984484672546,0.040571197867393494,0.9092099070549011,vision,1.0,1.0,1.0
51,cW1FSBF59ik$_$21,1.600000023841858,2.5089821815490723,0.060346294194459915,0.04958533123135567,0.8900684118270874,vision,1.0,1.0,1.0
93,cXypl4FnoZo$_$10,2.0,2.7749319076538086,0.05844925716519356,0.0479402132332325,0.8936105370521545,vision,1.0,1.0,1.0
165,dq3Nf_lMPnE$_$10,1.0,1.1257268190383911,0.016664637252688408,0.012325895018875599,0.9710094332695007,vision,1.0,1.0,1.0
192,etzxEpPuc6I$_$5,0.0,0.5764749050140381,0.0021452251821756363,0.0013461924390867352,0.9965085387229919,vision,1.0,1.0,1.0
621,yDtzw_Y-7RU$_$12,-0.6666666865348816,-1.8095371723175049,0.054243363440036774,0.04430696740746498,0.9014496207237244,vision,1.0,1.0,1.0
573,vyB00TXsimI$_$18,2.4000000953674316,2.263742446899414,0.061159517616033554,0.050395455211400986,0.8884450197219849,vision,1.0,1.0,1.0
295,jUzDDGyPkXU$_$12,0.5,0.3166552484035492,0.0019778460264205933,0.0012325095012784004,0.9967896342277527,vision,1.0,1.0,1.0
346,lXPQBPVc5Cw$_$5,-1.0,-0.07184045761823654,0.0020617239642888308,0.0013006293447688222,0.9966377019882202,vision,1.0,1.0,1.0
546,vvZ4IcEtiZc$_$5,1.2000000476837158,2.2937371730804443,0.0675942599773407,0.05643008276820183,0.8759757280349731,vision,1.0,1.0,1.0
144,d6hH302o4v8$_$39,-3.0,-2.321713447570801,0.05998065695166588,0.04990598186850548,0.890113353729248,vision,1.0,1.0,1.0
450,rnaNMUZpvvg$_$22,-2.200000047683716,-1.4234790802001953,0.0658426582813263,0.05453450232744217,0.8796228766441345,vision,1.0,1.0,1.0
499,tStelxIAHjw$_$4,-2.799999952316284,-1.8472071886062622,0.06071459874510765,0.05001815780997276,0.8892672061920166,vision,1.0,1.0,1.0
105,d3_k5Xpfmik$_$12,2.0,1.9682931900024414,0.06980311125516891,0.05856742337346077,0.8716294765472412,vision,1.0,1.0,1.0
331,k5Y_838nuGo$_$31,-1.0,-1.124537467956543,0.03780928999185562,0.029833396896719933,0.9323573112487793,vision,1.0,1.0,1.0
69,cW1FSBF59ik$_$17,2.4000000953674316,2.5615603923797607,0.05954122543334961,0.04889934882521629,0.8915594816207886,vision,1.0,1.0,1.0
20,c7UH_rxdZv4$_$10,0.800000011920929,0.34005308151245117,0.0027121673338115215,0.0017403429374098778,0.9955475330352783,vision,1.0,1.0,1.0
148,d6hH302o4v8$_$13,-2.0,-2.2936532497406006,0.05183820798993111,0.04256738722324371,0.9055944085121155,vision,1.0,1.0,1.0
28,c7UH_rxdZv4$_$18,-2.25,-1.47915780544281,0.06703709810972214,0.055747102946043015,0.8772158622741699,vision,1.0,1.0,1.0
585,wMbj6ajWbic$_$3,0.0,0.6320878863334656,0.0033018013928085566,0.0021447972394526005,0.9945534467697144,vision,1.0,1.0,1.0
614,yDtzw_Y-7RU$_$7,-0.20000000298023224,0.10018757730722427,0.0019989407155662775,0.001247163861989975,0.9967538714408875,vision,1.0,1.0,1.0
75,cXypl4FnoZo$_$26,0.6000000238418579,0.3811667859554291,0.014280262403190136,0.010434011928737164,0.9752857089042664,vision,1.0,1.0,1.0
303,k5Y_838nuGo$_$25,-0.20000000298023224,-1.6514424085617065,0.0717230811715126,0.06052583456039429,0.8677511215209961,vision,1.0,1.0,1.0
448,rnaNMUZpvvg$_$20,0.800000011920929,2.3296122550964355,0.061308786273002625,0.050478603690862656,0.8882125616073608,vision,1.0,1.0,1.0
264,iiK8YX8oH1E$_$16,0.0,-0.5933446884155273,0.01148003526031971,0.008240219205617905,0.9802796840667725,vision,1.0,1.0,1.0
133,d6hH302o4v8$_$40,-1.0,-1.8687435388565063,0.07238509505987167,0.061257269233465195,0.8663576245307922,vision,1.0,1.0,1.0
439,phBUpBr1hSo$_$3,2.799999952316284,2.641515016555786,0.05873894691467285,0.048163384199142456,0.8930976390838623,vision,1.0,1.0,1.0
287,jUzDDGyPkXU$_$4,-1.600000023841858,1.6332311630249023,0.04111319035291672,0.03266457840800285,0.9262221455574036,vision,1.0,1.0,1.0
452,rnaNMUZpvvg$_$3,-0.800000011920929,-0.39687737822532654,0.003935237415134907,0.002593494951725006,0.9934712648391724,vision,1.0,1.0,1.0
17,c7UH_rxdZv4$_$9,-0.4000000059604645,0.14727726578712463,0.003052865620702505,0.0019817426800727844,0.9949653744697571,vision,1.0,1.0,1.0
13,c7UH_rxdZv4$_$5,-2.200000047683716,-1.3614016771316528,0.05673688277602196,0.04679691046476364,0.8964661955833435,vision,1.0,1.0,1.0
345,lXPQBPVc5Cw$_$2,-2.200000047683716,-1.834963321685791,0.06414531916379929,0.05306047946214676,0.8827943205833435,vision,1.0,1.0,1.0
214,f9O3YtZ2VfI$_$6,-2.5999999046325684,-1.9781861305236816,0.05328809469938278,0.04350525140762329,0.9032065868377686,vision,1.0,1.0,1.0
672,zhpQhgha_KU$_$13,-1.0,-0.8101399540901184,0.006348578259348869,0.0043538413010537624,0.9892975091934204,vision,1.0,1.0,1.0
574,wMbj6ajWbic$_$24,1.399999976158142,1.5859390497207642,0.0648297518491745,0.053591758012771606,0.8815785050392151,vision,1.0,1.0,1.0
251,fvVhgmXxadc$_$5,0.0,-0.032583341002464294,0.0017104053404182196,0.0010540707735344768,0.9972354769706726,vision,1.0,1.0,1.0
430,phBUpBr1hSo$_$12,1.7999999523162842,0.09539219737052917,0.0034796055406332016,0.002268798416480422,0.9942516088485718,vision,1.0,1.0,1.0
561,vyB00TXsimI$_$6,2.0,1.5787962675094604,0.062088873237371445,0.05127549543976784,0.8866356611251831,vision,1.0,1.0,1.0
162,d6hH302o4v8$_$33,-3.0,-2.5776097774505615,0.05166003108024597,0.04266571253538132,0.9056742191314697,vision,1.0,1.0,1.0
467,rnaNMUZpvvg$_$16,-1.7999999523162842,-1.2466437816619873,0.058045562356710434,0.0476197823882103,0.8943346738815308,vision,1.0,1.0,1.0
442,phBUpBr1hSo$_$4,-0.800000011920929,-0.8269161581993103,0.03160939738154411,0.024570859968662262,0.9438197612762451,vision,1.0,1.0,1.0
508,tmZoasNr4rU$_$15,0.25,-0.4040733575820923,0.003718419000506401,0.002447505947202444,0.9938340187072754,vision,1.0,1.0,1.0
609,yDtzw_Y-7RU$_$1,0.800000011920929,1.774146556854248,0.06886831670999527,0.057608023285865784,0.8735237121582031,vision,1.0,1.0,1.0
61,cW1FSBF59ik$_$9,-2.4000000953674316,-1.5454342365264893,0.06080339103937149,0.05004005879163742,0.8891565799713135,vision,1.0,1.0,1.0
25,c7UH_rxdZv4$_$17,-1.399999976158142,0.4089738130569458,0.002689263317734003,0.001728414325043559,0.9955824017524719,vision,1.0,1.0,1.0
650,yvsjCA6Y5Fc$_$18,-2.200000047683716,-1.8983289003372192,0.05135323852300644,0.041787974536418915,0.9068588018417358,vision,1.0,1.0,1.0
340,lXPQBPVc5Cw$_$23,-2.4000000953674316,-0.7573316693305969,0.005041383672505617,0.003419353859499097,0.9915392994880676,vision,1.0,1.0,1.0
503,tStelxIAHjw$_$8,-2.0,-0.16107039153575897,0.006490173749625683,0.004451927728950977,0.9890578389167786,vision,1.0,1.0,1.0
83,cXypl4FnoZo$_$1,1.0,0.5393060445785522,0.00439807865768671,0.002930017886683345,0.9926719665527344,vision,1.0,1.0,1.0
80,cXypl4FnoZo$_$23,0.4000000059604645,0.09901873022317886,0.0020175110548734665,0.0012696118792518973,0.9967129230499268,vision,1.0,1.0,1.0
81,cXypl4FnoZo$_$28,-2.200000047683716,-1.5862966775894165,0.06737357378005981,0.056194111704826355,0.8764322996139526,vision,1.0,1.0,1.0
336,lXPQBPVc5Cw$_$27,-2.799999952316284,-1.9212983846664429,0.059689491987228394,0.04925818368792534,0.8910523056983948,vision,1.0,1.0,1.0
109,d3_k5Xpfmik$_$16,2.0,2.5350770950317383,0.061519645154476166,0.05090196803212166,0.8875784873962402,vision,1.0,1.0,1.0
541,vvZ4IcEtiZc$_$10,-2.0,-0.2590416967868805,0.0023167652543634176,0.0014634302351623774,0.9962198138237,vision,1.0,1.0,1.0
472,tIrG4oNLFzE$_$13,-2.0,-0.16040273010730743,0.003918743226677179,0.0025995580945163965,0.9934817552566528,vision,1.0,1.0,1.0
490,tStelxIAHjw$_$13,-1.600000023841858,1.0682934522628784,0.0372328981757164,0.029332110658288002,0.9334350228309631,vision,1.0,1.0,1.0
309,k5Y_838nuGo$_$23,-0.20000000298023224,0.7020055651664734,0.008730270899832249,0.006167750805616379,0.9851020574569702,vision,1.0,1.0,1.0
567,vyB00TXsimI$_$12,0.20000000298023224,0.15324667096138,0.0017353083239868283,0.0010801951866596937,0.9971844553947449,vision,1.0,1.0,1.0
559,vyB00TXsimI$_$4,1.7999999523162842,2.000492811203003,0.06955815851688385,0.058107733726501465,0.8723340630531311,vision,1.0,1.0,1.0
320,k5Y_838nuGo$_$8,-1.399999976158142,-0.47197121381759644,0.008949175477027893,0.006309015676379204,0.9847418069839478,vision,1.0,1.0,1.0
624,yDtzw_Y-7RU$_$17,0.20000000298023224,0.1638166755437851,0.0017507907468825579,0.0010814655106514692,0.9971677660942078,vision,1.0,1.0,1.0
184,etzxEpPuc6I$_$14,-1.2000000476837158,-0.8947625160217285,0.010074671357870102,0.0071504018269479275,0.9827749133110046,vision,1.0,1.0,1.0
40,cM3Yna7AavY$_$1,2.200000047683716,-0.32132771611213684,0.010449745692312717,0.0074959988705813885,0.9820542335510254,vision,1.0,1.0,1.0
26,c7UH_rxdZv4$_$16,-2.0,-1.1045578718185425,0.016099248081445694,0.011999116279184818,0.9719015955924988,vision,1.0,1.0,1.0
230,f_pcplsH_V0$_$13,1.600000023841858,1.1076879501342773,0.019389040768146515,0.014508407562971115,0.9661024808883667,vision,1.0,1.0,1.0
131,d6hH302o4v8$_$28,-1.0,-0.7711092829704285,0.03698857128620148,0.029460882768034935,0.9335505366325378,vision,1.0,1.0,1.0
446,phBUpBr1hSo$_$8,-2.200000047683716,-0.7088095545768738,0.04629606008529663,0.03708075359463692,0.9166231751441956,vision,1.0,1.0,1.0
187,etzxEpPuc6I$_$19,-0.5,-1.3238470554351807,0.05147550255060196,0.04167432710528374,0.9068501591682434,vision,1.0,1.0,1.0
562,vyB00TXsimI$_$9,-0.25,0.16538883745670319,0.0029601764399558306,0.0019178329966962337,0.9951220154762268,vision,1.0,1.0,1.0
358,lXPQBPVc5Cw$_$17,-1.7999999523162842,0.27737894654273987,0.020905284211039543,0.01573154330253601,0.9633632898330688,vision,1.0,1.0,1.0
242,f_pcplsH_V0$_$8,0.800000011920929,0.576326847076416,0.05735804885625839,0.04688895493745804,0.895753026008606,vision,1.0,1.0,1.0
253,fvVhgmXxadc$_$7,-1.0,-1.077279806137085,0.04186165705323219,0.0334596149623394,0.9246787428855896,vision,1.0,1.0,1.0
652,zhpQhgha_KU$_$25,1.0,0.5439870357513428,0.002560205524787307,0.0016416182043030858,0.9957981705665588,vision,1.0,1.0,1.0
589,wMbj6ajWbic$_$7,-1.2000000476837158,-0.9494466781616211,0.030753130093216896,0.023850901052355766,0.9453959465026855,vision,1.0,1.0,1.0
8,c7UH_rxdZv4$_$28,-0.800000011920929,0.7919567823410034,0.024219797924160957,0.01857488602399826,0.9572052359580994,vision,1.0,1.0,1.0
272,iiK8YX8oH1E$_$6,0.20000000298023224,1.9034868478775024,0.07383204996585846,0.06259388476610184,0.8635740280151367,vision,1.0,1.0,1.0
10,c7UH_rxdZv4$_$1,-2.799999952316284,-1.7459068298339844,0.05656422674655914,0.04640099033713341,0.897034764289856,vision,1.0,1.0,1.0
222,f9O3YtZ2VfI$_$14,1.2000000476837158,0.8757941126823425,0.02278391271829605,0.017296869307756424,0.9599191546440125,vision,1.0,1.0,1.0
215,f9O3YtZ2VfI$_$9,-2.200000047683716,-1.8721950054168701,0.05594727396965027,0.04599418491125107,0.8980584740638733,vision,1.0,1.0,1.0
674,zhpQhgha_KU$_$15,-2.0,-2.005779504776001,0.056775327771902084,0.04669112339615822,0.8965336680412292,vision,1.0,1.0,1.0
141,d6hH302o4v8$_$6,-2.0,-0.842154860496521,0.028368422761559486,0.02206639014184475,0.9495651721954346,vision,1.0,1.0,1.0
9,c7UH_rxdZv4$_$29,0.6000000238418579,1.156908392906189,0.02299644611775875,0.01746649667620659,0.9595370888710022,vision,1.0,1.0,1.0
459,rnaNMUZpvvg$_$8,-1.600000023841858,-2.053300619125366,0.042699605226516724,0.03425105661153793,0.9230493903160095,vision,1.0,1.0,1.0
181,etzxEpPuc6I$_$13,-2.200000047683716,-0.43075260519981384,0.00827174261212349,0.005779830273240805,0.9859484434127808,vision,1.0,1.0,1.0
384,nzpVDcQ0ywM$_$6,-1.399999976158142,-1.615491271018982,0.06568724662065506,0.054540056735277176,0.8797727227210999,vision,1.0,1.0,1.0
594,wMbj6ajWbic$_$10,-1.7999999523162842,-1.732979416847229,0.05622374638915062,0.04604300856590271,0.8977332711219788,vision,1.0,1.0,1.0
627,yDtzw_Y-7RU$_$18,-2.0,-1.3041834831237793,0.06740853190422058,0.05606942996382713,0.8765220642089844,vision,1.0,1.0,1.0
479,tIrG4oNLFzE$_$1,2.799999952316284,2.3706045150756836,0.07306799292564392,0.06165130436420441,0.8652806878089905,vision,1.0,1.0,1.0
606,yDtzw_Y-7RU$_$21,0.20000000298023224,0.052681829780340195,0.002249474637210369,0.001419037813320756,0.996331512928009,vision,1.0,1.0,1.0
194,etzxEpPuc6I$_$7,-1.2000000476837158,-0.9849432110786438,0.026719501242041588,0.020486507564783096,0.9527940154075623,vision,1.0,1.0,1.0
27,c7UH_rxdZv4$_$19,-1.7999999523162842,-1.5711376667022705,0.07134121656417847,0.06013701856136322,0.8685217499732971,vision,1.0,1.0,1.0
383,nzpVDcQ0ywM$_$7,-1.0,-1.3607559204101562,0.05869486182928085,0.04833843931555748,0.892966628074646,vision,1.0,1.0,1.0
208,f9O3YtZ2VfI$_$1,-1.2000000476837158,-0.5699805021286011,0.002946847351267934,0.0019074733136221766,0.9951456189155579,vision,1.0,1.0,1.0
177,dq3Nf_lMPnE$_$9,-0.800000011920929,-0.7590292096138,0.05825798958539963,0.04768724739551544,0.8940547108650208,vision,1.0,1.0,1.0
634,yvsjCA6Y5Fc$_$2,-1.2000000476837158,-1.5918207168579102,0.06508607417345047,0.05397892743349075,0.8809350728988647,vision,1.0,1.0,1.0
276,jUzDDGyPkXU$_$25,-2.0,-1.6400707960128784,0.06305336207151413,0.05213094502687454,0.8848157525062561,vision,1.0,1.0,1.0
539,v0zCBqDeKcE$_$8,1.7999999523162842,1.554991602897644,0.06700228154659271,0.055627238005399704,0.8773705363273621,vision,1.0,1.0,1.0
220,f9O3YtZ2VfI$_$12,-1.7999999523162842,-1.2837238311767578,0.06076043099164963,0.04995376989245415,0.889285683631897,vision,1.0,1.0,1.0
270,iiK8YX8oH1E$_$4,-2.0,-1.3662797212600708,0.05993275344371796,0.04915260523557663,0.8909147381782532,vision,1.0,1.0,1.0
583,wMbj6ajWbic$_$29,1.7999999523162842,2.617579936981201,0.05707437917590141,0.046693477779626846,0.8962321877479553,vision,1.0,1.0,1.0
38,cM3Yna7AavY$_$14,-2.5999999046325684,-1.9189894199371338,0.07141458243131638,0.060346152633428574,0.8682393431663513,vision,1.0,1.0,1.0
211,f9O3YtZ2VfI$_$5,-1.7999999523162842,-1.2385516166687012,0.05685531347990036,0.046571340411901474,0.8965734243392944,vision,1.0,1.0,1.0
153,d6hH302o4v8$_$16,-2.0,-1.8925154209136963,0.06390180438756943,0.053205374628305435,0.8828927874565125,vision,1.0,1.0,1.0
366,nbWiPyCm4g0$_$2,-2.4000000953674316,-0.74144047498703,0.019510718062520027,0.01475832425057888,0.9657309055328369,vision,1.0,1.0,1.0
662,zhpQhgha_KU$_$3,-1.600000023841858,-1.150124192237854,0.03628746420145035,0.028519198298454285,0.9351933002471924,vision,1.0,1.0,1.0
256,fvVhgmXxadc$_$8,-0.5,-1.4902913570404053,0.06557704508304596,0.0543530248105526,0.88006991147995,vision,1.0,1.0,1.0
63,cW1FSBF59ik$_$11,-1.0,-1.3018220663070679,0.05104893818497658,0.041563570499420166,0.9073874354362488,vision,1.0,1.0,1.0
444,phBUpBr1hSo$_$6,1.600000023841858,0.4959510266780853,0.0035224007442593575,0.0023004100657999516,0.9941772222518921,vision,1.0,1.0,1.0
119,d3_k5Xpfmik$_$9,1.399999976158142,0.8873018622398376,0.002988424152135849,0.001925888704136014,0.9950856566429138,vision,1.0,1.0,1.0
258,iiK8YX8oH1E$_$10,0.0,-0.20500363409519196,0.002088552573695779,0.001307237078435719,0.9966042041778564,vision,1.0,1.0,1.0
379,nzpVDcQ0ywM$_$3,0.800000011920929,2.6775424480438232,0.07309137284755707,0.06178183853626251,0.8651267290115356,vision,1.0,1.0,1.0
596,wMbj6ajWbic$_$12,1.600000023841858,2.0319650173187256,0.06284331530332565,0.05182162672281265,0.8853350281715393,vision,1.0,1.0,1.0
588,wMbj6ajWbic$_$4,1.0,-1.1558583974838257,0.033949654549360275,0.02654346078634262,0.9395068883895874,vision,1.0,1.0,1.0
160,d6hH302o4v8$_$35,-1.600000023841858,-1.8153501749038696,0.06508135050535202,0.05424034595489502,0.8806782960891724,vision,1.0,1.0,1.0
343,lXPQBPVc5Cw$_$1,0.20000000298023224,1.610975742340088,0.04525810852646828,0.036239542067050934,0.9185022711753845,vision,1.0,1.0,1.0
423,pLTX3ipuDJI$_$7,0.800000011920929,0.25361090898513794,0.005928994622081518,0.004037089180201292,0.9900339245796204,vision,1.0,1.0,1.0
407,ob23OKe5a9Q$_$7,0.6000000238418579,1.687875509262085,0.06551974266767502,0.054220084100961685,0.8802601099014282,vision,1.0,1.0,1.0
334,lXPQBPVc5Cw$_$25,-2.4000000953674316,-0.7179362177848816,0.006327290553599596,0.004338356200605631,0.9893344044685364,vision,1.0,1.0,1.0
197,etzxEpPuc6I$_$8,-1.0,-1.6543999910354614,0.059759873896837234,0.04925975203514099,0.8909803628921509,vision,1.0,1.0,1.0
449,rnaNMUZpvvg$_$21,-2.5999999046325684,-1.7428669929504395,0.0531705878674984,0.04331105574965477,0.9035183787345886,vision,1.0,1.0,1.0
420,pLTX3ipuDJI$_$2,-1.7999999523162842,0.02561517059803009,0.007795280776917934,0.005442134104669094,0.9867625832557678,vision,1.0,1.0,1.0
451,rnaNMUZpvvg$_$1,-2.5999999046325684,-2.1061654090881348,0.04476390406489372,0.03606414422392845,0.9191719889640808,vision,1.0,1.0,1.0
95,cXypl4FnoZo$_$12,2.0,2.292970895767212,0.06283993273973465,0.05189144238829613,0.8852686285972595,vision,1.0,1.0,1.0
572,vyB00TXsimI$_$19,1.2000000476837158,1.9384797811508179,0.0661727786064148,0.05525737255811691,0.8785699009895325,vision,1.0,1.0,1.0
453,rnaNMUZpvvg$_$2,2.25,1.974143147468567,0.06690892577171326,0.05586862936615944,0.8772223591804504,vision,1.0,1.0,1.0
245,fvVhgmXxadc$_$13,0.20000000298023224,-0.05888964235782623,0.0021505362819880247,0.0013501947978511453,0.9964993000030518,vision,1.0,1.0,1.0
480,tIrG4oNLFzE$_$3,2.5999999046325684,1.8394548892974854,0.0640484094619751,0.05288442224264145,0.88306725025177,vision,1.0,1.0,1.0
681,zhpQhgha_KU$_$30,-2.0,-1.9543097019195557,0.07566817849874496,0.06436817348003387,0.8599637150764465,vision,1.0,1.0,1.0
604,yDtzw_Y-7RU$_$24,-0.800000011920929,-0.3745494484901428,0.005339631345123053,0.003607908496633172,0.9910524487495422,vision,1.0,1.0,1.0
257,iiK8YX8oH1E$_$11,1.0,-0.4602113962173462,0.004696923308074474,0.0031400443986058235,0.9921630024909973,vision,1.0,1.0,1.0
344,lXPQBPVc5Cw$_$3,-2.4000000953674316,-1.7119420766830444,0.053647786378860474,0.043832894414663315,0.9025192856788635,vision,1.0,1.0,1.0
632,yvsjCA6Y5Fc$_$1,-2.0,-0.8818503618240356,0.019003652036190033,0.014257354661822319,0.9667389988899231,vision,1.0,1.0,1.0
37,cM3Yna7AavY$_$15,-2.4000000953674316,-1.886047601699829,0.05247850716114044,0.0429043248295784,0.9046171307563782,vision,1.0,1.0,1.0
58,cW1FSBF59ik$_$4,1.600000023841858,2.2791850566864014,0.05927671119570732,0.048640742897987366,0.8920826315879822,vision,1.0,1.0,1.0
523,tmZoasNr4rU$_$8,-2.0,-1.829525351524353,0.07011579722166061,0.059179119765758514,0.8707050681114197,vision,1.0,1.0,1.0
0,c7UH_rxdZv4$_$24,-1.7999999523162842,-1.770115613937378,0.06812487542629242,0.05729162320494652,0.8745835423469543,vision,1.0,1.0,1.0
348,lXPQBPVc5Cw$_$7,-2.799999952316284,-1.573107123374939,0.06554599851369858,0.05430270731449127,0.8801513314247131,vision,1.0,1.0,1.0
608,yDtzw_Y-7RU$_$23,2.200000047683716,1.9736149311065674,0.06434012949466705,0.05315052717924118,0.8825093507766724,vision,1.0,1.0,1.0
310,k5Y_838nuGo$_$28,2.0,2.007838487625122,0.06661608070135117,0.05529310181736946,0.8780907988548279,vision,1.0,1.0,1.0
126,d6hH302o4v8$_$27,-2.5999999046325684,-2.0298919677734375,0.047451891005039215,0.03849061578512192,0.9140574932098389,vision,1.0,1.0,1.0
89,cXypl4FnoZo$_$6,-0.6000000238418579,0.04469156265258789,0.015180161222815514,0.011198850348591805,0.9736209511756897,vision,1.0,1.0,1.0
631,yvsjCA6Y5Fc$_$23,-1.2000000476837158,-0.6395373940467834,0.0036576134152710438,0.00240942370146513,0.9939329028129578,vision,1.0,1.0,1.0
210,f9O3YtZ2VfI$_$2,1.25,1.7489393949508667,0.06518828868865967,0.05408042296767235,0.8807312846183777,vision,1.0,1.0,1.0
398,ob23OKe5a9Q$_$10,1.25,1.9109712839126587,0.06242916360497475,0.05150536447763443,0.8860654830932617,vision,1.0,1.0,1.0
495,tStelxIAHjw$_$1,0.0,0.5132160186767578,0.01974748820066452,0.014806490391492844,0.9654460549354553,vision,1.0,1.0,1.0
252,fvVhgmXxadc$_$4,-2.799999952316284,-2.0512900352478027,0.060736723244190216,0.0504743792116642,0.8887888789176941,vision,1.0,1.0,1.0
471,tIrG4oNLFzE$_$10,-1.7999999523162842,-0.5402541160583496,0.0035899460781365633,0.0023473394103348255,0.994062602519989,vision,1.0,1.0,1.0
347,lXPQBPVc5Cw$_$4,-1.2000000476837158,-1.362514853477478,0.04197852686047554,0.03372246026992798,0.9242990016937256,vision,1.0,1.0,1.0
328,k5Y_838nuGo$_$16,0.25,-0.20208732783794403,0.004370476119220257,0.00290806801058352,0.9927213788032532,vision,1.0,1.0,1.0
1,c7UH_rxdZv4$_$25,0.0,0.989219069480896,0.04584599658846855,0.0367421880364418,0.9174119234085083,vision,1.0,1.0,1.0
298,jUzDDGyPkXU$_$17,-2.799999952316284,-2.3011674880981445,0.037640392780303955,0.029921280220150948,0.9324383735656738,vision,1.0,1.0,1.0
190,etzxEpPuc6I$_$3,-1.600000023841858,-1.2521623373031616,0.06479422748088837,0.05357871204614639,0.8816270232200623,vision,1.0,1.0,1.0
239,f_pcplsH_V0$_$7,0.0,-1.476373314857483,0.06614707410335541,0.05493186041712761,0.8789210319519043,vision,1.0,1.0,1.0
405,ob23OKe5a9Q$_$5,-1.7999999523162842,-1.9878101348876953,0.04711797460913658,0.03808409720659256,0.9147980213165283,vision,1.0,1.0,1.0
234,f_pcplsH_V0$_$1,0.25,1.698830246925354,0.06285589933395386,0.05183185264468193,0.8853122591972351,vision,1.0,1.0,1.0
129,d6hH302o4v8$_$22,-1.0,-1.9783769845962524,0.069939024746418,0.058969222009181976,0.8710917830467224,vision,1.0,1.0,1.0
494,tStelxIAHjw$_$16,0.800000011920929,2.1270015239715576,0.06000818684697151,0.0493132546544075,0.8906785845756531,vision,1.0,1.0,1.0
206,f9O3YtZ2VfI$_$28,1.2000000476837158,2.201326608657837,0.06249874457716942,0.05151791870594025,0.885983407497406,vision,1.0,1.0,1.0
595,wMbj6ajWbic$_$13,2.0,1.974773645401001,0.06295518577098846,0.0518893338739872,0.8851553797721863,vision,1.0,1.0,1.0
265,iiK8YX8oH1E$_$18,-1.0,0.3986956477165222,0.03376372158527374,0.02640080265700817,0.9398354887962341,vision,1.0,1.0,1.0
605,yDtzw_Y-7RU$_$20,-0.6000000238418579,0.2177589237689972,0.0022476171143352985,0.0014297374291345477,0.9963226318359375,vision,1.0,1.0,1.0
155,d6hH302o4v8$_$18,-2.0,-2.133246421813965,0.06632491201162338,0.055701252073049545,0.8779738545417786,vision,1.0,1.0,1.0
15,c7UH_rxdZv4$_$7,-3.0,-2.0910940170288086,0.04962577298283577,0.04029378667473793,0.9100804924964905,vision,1.0,1.0,1.0
620,yDtzw_Y-7RU$_$13,-1.7999999523162842,-1.2321118116378784,0.043114982545375824,0.034434910863637924,0.9224501848220825,vision,1.0,1.0,1.0
237,f_pcplsH_V0$_$5,1.2000000476837158,1.1608664989471436,0.03791383281350136,0.030086828395724297,0.9319994449615479,vision,1.0,1.0,1.0
569,vyB00TXsimI$_$14,2.0,2.6697165966033936,0.0639638677239418,0.053166426718235016,0.8828697204589844,vision,1.0,1.0,1.0
315,k5Y_838nuGo$_$5,-1.3333333730697632,-1.3238422870635986,0.0597497932612896,0.04918934777379036,0.8910609483718872,vision,1.0,1.0,1.0
440,phBUpBr1hSo$_$2,2.200000047683716,1.6444833278656006,0.040489353239536285,0.032112956047058105,0.9273976683616638,vision,1.0,1.0,1.0
660,zhpQhgha_KU$_$29,-1.2000000476837158,-1.6506996154785156,0.06321100890636444,0.05225517228245735,0.8845337629318237,vision,1.0,1.0,1.0
520,tmZoasNr4rU$_$7,-1.0,-0.3368423879146576,0.04329017177224159,0.034940704703330994,0.9217691421508789,vision,1.0,1.0,1.0
390,nzpVDcQ0ywM$_$12,-1.399999976158142,-1.2888542413711548,0.06129278242588043,0.050827957689762115,0.8878793120384216,vision,1.0,1.0,1.0
167,dq3Nf_lMPnE$_$12,-1.600000023841858,0.06862401962280273,0.0030567741487175226,0.001972941914573312,0.9949702620506287,vision,1.0,1.0,1.0
478,tIrG4oNLFzE$_$18,-2.200000047683716,-2.059072256088257,0.05069419741630554,0.041251882910728455,0.908053994178772,vision,1.0,1.0,1.0
581,wMbj6ajWbic$_$23,1.7999999523162842,2.2193527221679688,0.0608670711517334,0.05005238577723503,0.8890805244445801,vision,1.0,1.0,1.0
517,tmZoasNr4rU$_$2,-2.0,-2.174370050430298,0.054843056946992874,0.04516620188951492,0.8999906778335571,vision,1.0,1.0,1.0
549,vvZ4IcEtiZc$_$6,1.0,-1.0839728116989136,0.06140218675136566,0.05082214996218681,0.887775719165802,vision,1.0,1.0,1.0
106,d3_k5Xpfmik$_$15,2.5999999046325684,1.3888392448425293,0.06049707531929016,0.05004720017313957,0.8894557356834412,vision,1.0,1.0,1.0
275,jUzDDGyPkXU$_$24,-1.0,-0.91604083776474,0.01324580330401659,0.009611979126930237,0.9771422743797302,vision,1.0,1.0,1.0
436,phBUpBr1hSo$_$18,0.800000011920929,0.25586673617362976,0.001963556045666337,0.001223221537657082,0.9968132376670837,vision,1.0,1.0,1.0
406,ob23OKe5a9Q$_$4,-1.5,-0.8064537048339844,0.013529443182051182,0.009834936819970608,0.9766356945037842,vision,1.0,1.0,1.0
361,lXPQBPVc5Cw$_$18,-1.399999976158142,-0.9847463369369507,0.044083721935749054,0.03530949726700783,0.9206067323684692,vision,1.0,1.0,1.0
637,yvsjCA6Y5Fc$_$7,-1.7999999523162842,-1.5011732578277588,0.0660562813282013,0.054845355451107025,0.8790983557701111,vision,1.0,1.0,1.0
386,nzpVDcQ0ywM$_$8,2.0,2.5670106410980225,0.06816551834344864,0.05705921724438667,0.8747752904891968,vision,1.0,1.0,1.0
481,tIrG4oNLFzE$_$2,2.4000000953674316,2.316206693649292,0.06250687688589096,0.05156928673386574,0.8859238028526306,vision,1.0,1.0,1.0
261,iiK8YX8oH1E$_$15,0.6000000238418579,0.6227056384086609,0.004409682471305132,0.0029351082630455494,0.9926551580429077,vision,1.0,1.0,1.0
5,c7UH_rxdZv4$_$21,-0.800000011920929,0.48495346307754517,0.003052945714443922,0.0019712145440280437,0.9949759244918823,vision,1.0,1.0,1.0
353,lXPQBPVc5Cw$_$10,-2.200000047683716,-2.145118236541748,0.06530711054801941,0.05468974635004997,0.8800031542778015,vision,1.0,1.0,1.0
513,tmZoasNr4rU$_$18,0.0,-1.7564380168914795,0.07611282169818878,0.06462186574935913,0.8592653274536133,vision,1.0,1.0,1.0
254,fvVhgmXxadc$_$6,-0.20000000298023224,-0.7113950848579407,0.006515702232718468,0.004468066617846489,0.9890162348747253,vision,1.0,1.0,1.0
53,cW1FSBF59ik$_$23,1.399999976158142,2.3237640857696533,0.0685146301984787,0.05727623403072357,0.8742091059684753,vision,1.0,1.0,1.0
259,iiK8YX8oH1E$_$13,-2.0,-1.133213996887207,0.031524404883384705,0.02460412122309208,0.9438714981079102,vision,1.0,1.0,1.0
244,fvVhgmXxadc$_$10,0.0,-0.2615436315536499,0.003881372045725584,0.002553315367549658,0.9935653805732727,vision,1.0,1.0,1.0
189,etzxEpPuc6I$_$1,0.4000000059604645,-0.49387556314468384,0.004471469670534134,0.0029757265001535416,0.9925528168678284,vision,1.0,1.0,1.0
308,k5Y_838nuGo$_$22,0.4000000059604645,1.300646185874939,0.04030650854110718,0.032005686312913895,0.9276878237724304,vision,1.0,1.0,1.0
268,iiK8YX8oH1E$_$2,1.2000000476837158,0.854816734790802,0.004019224084913731,0.0026635185349732637,0.9933171272277832,vision,1.0,1.0,1.0
231,f_pcplsH_V0$_$12,-0.800000011920929,0.19531193375587463,0.002044185297563672,0.0012865535682067275,0.996669352054596,vision,1.0,1.0,1.0
468,rnaNMUZpvvg$_$19,-1.399999976158142,-1.4546291828155518,0.06441722065210342,0.05326291546225548,0.8823199272155762,vision,1.0,1.0,1.0
571,vyB00TXsimI$_$16,0.4000000059604645,0.5688101649284363,0.00303998333401978,0.0019817701540887356,0.9949782490730286,vision,1.0,1.0,1.0
41,cM3Yna7AavY$_$3,1.0,-0.09104444831609726,0.0022148634307086468,0.0014049498131498694,0.9963802695274353,vision,1.0,1.0,1.0
591,wMbj6ajWbic$_$9,-2.0,-1.8965765237808228,0.049658920615911484,0.04031212627887726,0.9100289940834045,vision,1.0,1.0,1.0
509,tmZoasNr4rU$_$14,-2.0,-1.2285226583480835,0.04131893441081047,0.032840434461832047,0.9258405566215515,vision,1.0,1.0,1.0
134,d6hH302o4v8$_$41,-2.4000000953674316,-2.3584816455841064,0.0536884181201458,0.04434357210993767,0.9019680619239807,vision,1.0,1.0,1.0
642,yvsjCA6Y5Fc$_$10,-2.0,-1.7201100587844849,0.07008183747529984,0.058807093650102615,0.8711110949516296,vision,1.0,1.0,1.0
178,dq3Nf_lMPnE$_$8,0.6000000238418579,1.3260879516601562,0.05575994774699211,0.04545830190181732,0.8987817764282227,vision,1.0,1.0,1.0
491,tStelxIAHjw$_$12,-1.0,0.091900534927845,0.0017441699746996164,0.001075869076885283,0.9971798658370972,vision,1.0,1.0,1.0
200,f9O3YtZ2VfI$_$26,1.399999976158142,1.5200773477554321,0.06429171562194824,0.05308731272816658,0.8826209902763367,vision,1.0,1.0,1.0
408,ob23OKe5a9Q$_$6,0.0,-1.265615463256836,0.044651467353105545,0.03568704426288605,0.9196615219116211,vision,1.0,1.0,1.0
122,d6hH302o4v8$_$43,-2.5,1.6447597742080688,0.06843393296003342,0.05717477574944496,0.8743912577629089,vision,1.0,1.0,1.0
502,tStelxIAHjw$_$9,-1.399999976158142,-0.049927718937397,0.003412494668737054,0.002222136128693819,0.9943654537200928,vision,1.0,1.0,1.0
475,tIrG4oNLFzE$_$14,-2.4000000953674316,-0.8036457300186157,0.008921748027205467,0.006278837565332651,0.9847993850708008,vision,1.0,1.0,1.0
118,d3_k5Xpfmik$_$6,1.600000023841858,2.0307960510253906,0.06820212304592133,0.05695980787277222,0.8748379945755005,vision,1.0,1.0,1.0
30,c7UH_rxdZv4$_$30,1.2000000476837158,1.6437629461288452,0.06692726165056229,0.05546874552965164,0.8776039481163025,vision,1.0,1.0,1.0
314,k5Y_838nuGo$_$2,1.2000000476837158,-0.12738683819770813,0.003173994133248925,0.002066221321001649,0.994759738445282,vision,1.0,1.0,1.0
663,zhpQhgha_KU$_$2,1.600000023841858,2.455916404724121,0.05795065313577652,0.04745720326900482,0.8945921659469604,vision,1.0,1.0,1.0
397,ob23OKe5a9Q$_$11,0.800000011920929,2.393886089324951,0.05982261523604393,0.04915323108434677,0.8910242319107056,vision,1.0,1.0,1.0
281,jUzDDGyPkXU$_$22,-2.4000000953674316,-1.4866063594818115,0.0635639876127243,0.05245662108063698,0.8839793801307678,vision,1.0,1.0,1.0
278,jUzDDGyPkXU$_$27,-2.0,-1.8338673114776611,0.048057716339826584,0.03888840228319168,0.9130539298057556,vision,1.0,1.0,1.0
473,tIrG4oNLFzE$_$12,-2.5999999046325684,-2.0910754203796387,0.05196159705519676,0.04252675548195839,0.905511736869812,vision,1.0,1.0,1.0
204,f9O3YtZ2VfI$_$22,1.399999976158142,1.4245119094848633,0.040618158876895905,0.03224556893110275,0.927136242389679,vision,1.0,1.0,1.0
568,vyB00TXsimI$_$15,2.5999999046325684,2.026458740234375,0.07121872156858444,0.05997622013092041,0.8688050508499146,vision,1.0,1.0,1.0
684,zhpQhgha_KU$_$33,-0.4000000059604645,0.43551379442214966,0.002079113619402051,0.0013030448462814093,0.99661785364151,vision,1.0,1.0,1.0
670,zhpQhgha_KU$_$11,-2.4000000953674316,-1.8367496728897095,0.048890355974435806,0.03961843252182007,0.9114912748336792,vision,1.0,1.0,1.0
11,c7UH_rxdZv4$_$3,-0.800000011920929,-1.071969985961914,0.06471230089664459,0.05361533537507057,0.8816724419593811,vision,1.0,1.0,1.0
212,f9O3YtZ2VfI$_$4,-2.4000000953674316,-1.919984221458435,0.06124163419008255,0.05078092962503433,0.8879774212837219,vision,1.0,1.0,1.0
354,lXPQBPVc5Cw$_$13,2.799999952316284,2.8849704265594482,0.06864232569932938,0.057685256004333496,0.873672366142273,vision,1.0,1.0,1.0
403,ob23OKe5a9Q$_$3,-1.2000000476837158,-0.6815871596336365,0.007285835687071085,0.005041596479713917,0.9876725077629089,vision,1.0,1.0,1.0
462,rnaNMUZpvvg$_$13,-2.0,-1.4759547710418701,0.06230020523071289,0.051388174295425415,0.8863115906715393,vision,1.0,1.0,1.0
349,lXPQBPVc5Cw$_$6,-1.399999976158142,-1.5845696926116943,0.03869590908288956,0.030882494524121284,0.9304216504096985,vision,1.0,1.0,1.0
551,vvZ4IcEtiZc$_$8,-1.5,-0.9903581142425537,0.050611115992069244,0.04129500314593315,0.9080938696861267,vision,1.0,1.0,1.0
130,d6hH302o4v8$_$23,-2.5999999046325684,-2.108787775039673,0.05757203698158264,0.04766559973359108,0.894762396812439,vision,1.0,1.0,1.0
182,etzxEpPuc6I$_$12,0.6666666865348816,0.4666363000869751,0.04064848646521568,0.032261110842227936,0.9270904064178467,vision,1.0,1.0,1.0
367,nbWiPyCm4g0$_$5,-1.399999976158142,-0.4184231758117676,0.0050937701016664505,0.003459732513874769,0.9914464950561523,vision,1.0,1.0,1.0
229,f_pcplsH_V0$_$10,1.2000000476837158,0.7265447378158569,0.0033442105632275343,0.0021758568473160267,0.9944798946380615,vision,1.0,1.0,1.0
584,wMbj6ajWbic$_$1,0.5,0.7673454880714417,0.005644208751618862,0.003828522516414523,0.9905272722244263,vision,1.0,1.0,1.0
172,dq3Nf_lMPnE$_$2,-1.399999976158142,-0.40711066126823425,0.0069220662117004395,0.00477572251111269,0.9883021712303162,vision,1.0,1.0,1.0
601,wMbj6ajWbic$_$19,-0.6000000238418579,-0.210198312997818,0.002732257591560483,0.0017471079481765628,0.9955205917358398,vision,1.0,1.0,1.0
497,tStelxIAHjw$_$2,-2.0,-1.6790800094604492,0.06144271045923233,0.05064487084746361,0.887912392616272,vision,1.0,1.0,1.0
323,k5Y_838nuGo$_$13,0.6000000238418579,-0.7185695767402649,0.045294251292943954,0.03628704696893692,0.9184187054634094,vision,1.0,1.0,1.0
593,wMbj6ajWbic$_$11,0.4000000059604645,-0.33360186219215393,0.0031849131919443607,0.002062356099486351,0.9947526454925537,vision,1.0,1.0,1.0
426,pLTX3ipuDJI$_$8,-2.0,-1.7205337285995483,0.05528072267770767,0.04517464339733124,0.8995447158813477,vision,1.0,1.0,1.0
107,d3_k5Xpfmik$_$14,2.0,-0.24145324528217316,0.025208696722984314,0.01936827041208744,0.9554230570793152,vision,1.0,1.0,1.0
506,tmZoasNr4rU$_$13,-0.800000011920929,-0.25859469175338745,0.002250261837616563,0.0014311354607343674,0.9963185787200928,vision,1.0,1.0,1.0
150,d6hH302o4v8$_$15,-1.75,-0.9969015717506409,0.034560635685920715,0.02707754448056221,0.9383618831634521,vision,1.0,1.0,1.0
400,ob23OKe5a9Q$_$12,2.799999952316284,2.9008679389953613,0.05524145066738129,0.04506568983197212,0.8996928930282593,vision,1.0,1.0,1.0
88,cXypl4FnoZo$_$7,-1.0,-0.1562606245279312,0.0024619686882942915,0.0015619777841493487,0.9959760308265686,vision,1.0,1.0,1.0
50,cW1FSBF59ik$_$20,2.5,2.304795265197754,0.06358397752046585,0.05246216431260109,0.883953869342804,vision,1.0,1.0,1.0
563,vyB00TXsimI$_$8,2.5999999046325684,2.0896308422088623,0.06594038009643555,0.054720278829336166,0.879339337348938,vision,1.0,1.0,1.0
372,nbWiPyCm4g0$_$8,-2.200000047683716,-1.9268568754196167,0.07470900565385818,0.06339141726493835,0.8618995547294617,vision,1.0,1.0,1.0
337,lXPQBPVc5Cw$_$20,-1.7999999523162842,-1.5286991596221924,0.05807111784815788,0.047866206616163254,0.8940627574920654,vision,1.0,1.0,1.0
677,zhpQhgha_KU$_$16,1.7999999523162842,2.0835392475128174,0.06370194256305695,0.05268991366028786,0.8836081027984619,vision,1.0,1.0,1.0
219,f9O3YtZ2VfI$_$13,-1.600000023841858,-0.31702715158462524,0.0022991569712758064,0.0014549498446285725,0.9962459206581116,vision,1.0,1.0,1.0
330,k5Y_838nuGo$_$18,0.4000000059604645,0.8140063285827637,0.005444603972136974,0.003689889796078205,0.9908655285835266,vision,1.0,1.0,1.0
477,tIrG4oNLFzE$_$16,-1.600000023841858,-0.7668994069099426,0.008086835034191608,0.0056429640389978886,0.9862701296806335,vision,1.0,1.0,1.0
558,vyB00TXsimI$_$5,1.7999999523162842,2.282651424407959,0.06677517294883728,0.05586036667227745,0.877364456653595,vision,1.0,1.0,1.0
166,dq3Nf_lMPnE$_$13,-1.2000000476837158,1.210628867149353,0.059459611773490906,0.0487561896443367,0.8917842507362366,vision,1.0,1.0,1.0
545,vvZ4IcEtiZc$_$2,2.4000000953674316,2.798861026763916,0.06729799509048462,0.05635250732302666,0.8763495683670044,vision,1.0,1.0,1.0
327,k5Y_838nuGo$_$17,0.800000011920929,1.253346562385559,0.05494138225913048,0.044723279774188995,0.9003353118896484,vision,1.0,1.0,1.0
543,vvZ4IcEtiZc$_$1,2.0,2.785517930984497,0.06356914341449738,0.05286736413836479,0.8835634589195251,vision,1.0,1.0,1.0
540,vvZ4IcEtiZc$_$11,1.600000023841858,0.4733574688434601,0.0019069337286055088,0.0011898349039256573,0.9969032406806946,vision,1.0,1.0,1.0
488,tStelxIAHjw$_$11,-2.799999952316284,-2.4168541431427,0.03688198700547218,0.02928794175386429,0.9338300824165344,vision,1.0,1.0,1.0
135,d6hH302o4v8$_$1,-2.799999952316284,-2.716494560241699,0.04740706831216812,0.038807403296232224,0.9137855768203735,vision,1.0,1.0,1.0
104,d3_k5Xpfmik$_$13,2.200000047683716,2.0114777088165283,0.06417988240718842,0.05327247455716133,0.8825476765632629,vision,1.0,1.0,1.0
18,c7UH_rxdZv4$_$8,-2.799999952316284,1.2200003862380981,0.04444627836346626,0.0355883426964283,0.9199653267860413,vision,1.0,1.0,1.0
360,lXPQBPVc5Cw$_$19,-1.7999999523162842,-1.7779666185379028,0.055213019251823425,0.045204952359199524,0.899582028388977,vision,1.0,1.0,1.0
525,v0zCBqDeKcE$_$10,2.200000047683716,1.5796701908111572,0.049289632588624954,0.03975652530789375,0.9109538793563843,vision,1.0,1.0,1.0
427,phBUpBr1hSo$_$11,2.0,1.8291665315628052,0.06215114891529083,0.051219239830970764,0.8866296410560608,vision,1.0,1.0,1.0
630,yvsjCA6Y5Fc$_$22,-1.600000023841858,-1.9439687728881836,0.04695592820644379,0.038019854575395584,0.9150242209434509,vision,1.0,1.0,1.0
424,pLTX3ipuDJI$_$6,-1.399999976158142,0.2039118856191635,0.012987314723432064,0.009415630251169205,0.9775970578193665,vision,1.0,1.0,1.0
613,yDtzw_Y-7RU$_$4,-1.0,-0.6892397999763489,0.050967976450920105,0.04122206196188927,0.9078099727630615,vision,1.0,1.0,1.0
110,d3_k5Xpfmik$_$19,0.20000000298023224,1.5462749004364014,0.05665018409490585,0.04650072380900383,0.8968490958213806,vision,1.0,1.0,1.0
557,vyB00TXsimI$_$2,-2.4000000953674316,-1.0651867389678955,0.0669737309217453,0.05589123070240021,0.8771350383758545,vision,1.0,1.0,1.0
434,phBUpBr1hSo$_$16,-1.600000023841858,0.38993680477142334,0.0023050967138260603,0.0014547096798196435,0.9962401390075684,vision,1.0,1.0,1.0
186,etzxEpPuc6I$_$16,-2.4000000953674316,-2.1809022426605225,0.044181887060403824,0.035519830882549286,0.9202982783317566,vision,1.0,1.0,1.0
629,yvsjCA6Y5Fc$_$21,-1.7999999523162842,-0.47719132900238037,0.0026624451857060194,0.0017145145684480667,0.9956230521202087,vision,1.0,1.0,1.0
316,k5Y_838nuGo$_$4,1.0,1.622300148010254,0.06513940542936325,0.05390593409538269,0.8809546828269958,vision,1.0,1.0,1.0
470,tIrG4oNLFzE$_$11,-1.600000023841858,-0.5774329900741577,0.004001594614237547,0.002662248909473419,0.9933362007141113,vision,1.0,1.0,1.0
297,jUzDDGyPkXU$_$14,0.800000011920929,1.0273511409759521,0.008961595594882965,0.006309095304459333,0.9847293496131897,vision,1.0,1.0,1.0
547,vvZ4IcEtiZc$_$4,2.200000047683716,1.6385290622711182,0.0712280198931694,0.06012914329767227,0.8686428070068359,vision,1.0,1.0,1.0
414,pLTX3ipuDJI$_$12,-2.0,0.13312065601348877,0.002261548303067684,0.0014246465871110559,0.9963138699531555,vision,1.0,1.0,1.0
458,rnaNMUZpvvg$_$9,-1.399999976158142,-1.757889986038208,0.05760468915104866,0.047240231186151505,0.8951550126075745,vision,1.0,1.0,1.0
641,yvsjCA6Y5Fc$_$11,2.0,0.7349297404289246,0.006760918535292149,0.0046732136979699135,0.9885658621788025,vision,1.0,1.0,1.0
555,vyB00TXsimI$_$1,0.0,0.2492559552192688,0.0020560023840516806,0.0012853636872023344,0.9966585636138916,vision,1.0,1.0,1.0
465,rnaNMUZpvvg$_$14,-2.5999999046325684,-1.715782642364502,0.05363013222813606,0.04371793195605278,0.9026520252227783,vision,1.0,1.0,1.0
628,yvsjCA6Y5Fc$_$20,0.800000011920929,1.3859639167785645,0.0643649473786354,0.053718749433755875,0.8819162845611572,vision,1.0,1.0,1.0
142,d6hH302o4v8$_$9,-2.4000000953674316,-1.4028810262680054,0.06722822785377502,0.056121744215488434,0.8766500353813171,vision,1.0,1.0,1.0
579,wMbj6ajWbic$_$21,1.600000023841858,1.6555198431015015,0.05055484548211098,0.040844500064849854,0.9086006283760071,vision,1.0,1.0,1.0
501,tStelxIAHjw$_$6,1.600000023841858,1.6861368417739868,0.06707610934972763,0.05568774417042732,0.8772361874580383,vision,1.0,1.0,1.0
6,c7UH_rxdZv4$_$22,-2.4000000953674316,-1.203447937965393,0.018491284921765327,0.013865046203136444,0.9676436185836792,vision,1.0,1.0,1.0
140,d6hH302o4v8$_$7,-2.799999952316284,-0.13331285119056702,0.06180152669548988,0.05114435404539108,0.8870540857315063,vision,1.0,1.0,1.0
489,tStelxIAHjw$_$10,-0.4000000059604645,-0.04728594422340393,0.0019471817649900913,0.0012117545120418072,0.9968410730361938,vision,1.0,1.0,1.0
56,cW1FSBF59ik$_$2,3.0,0.8094995617866516,0.010577499866485596,0.007553024683147669,0.9818695187568665,vision,1.0,1.0,1.0
286,jUzDDGyPkXU$_$5,-1.2000000476837158,-0.10671043395996094,0.05377316474914551,0.04386540874838829,0.9023613929748535,vision,1.0,1.0,1.0
247,fvVhgmXxadc$_$14,0.0,-0.022969311103224754,0.002194007858633995,0.001387132564559579,0.996418833732605,vision,1.0,1.0,1.0
205,f9O3YtZ2VfI$_$23,1.600000023841858,2.2562389373779297,0.06195732578635216,0.05109070613980293,0.8869519829750061,vision,1.0,1.0,1.0
292,jUzDDGyPkXU$_$11,2.4000000953674316,2.3068456649780273,0.06000330299139023,0.04931718483567238,0.8906794786453247,vision,1.0,1.0,1.0
402,ob23OKe5a9Q$_$1,1.2000000476837158,2.365933418273926,0.05822799354791641,0.047715380787849426,0.8940566182136536,vision,1.0,1.0,1.0
673,zhpQhgha_KU$_$12,-1.399999976158142,-1.185991644859314,0.03716975450515747,0.029284996911883354,0.9335452318191528,vision,1.0,1.0,1.0
526,v0zCBqDeKcE$_$13,1.7999999523162842,0.056905925273895264,0.0017744151409715414,0.0011040770914405584,0.9971215128898621,vision,1.0,1.0,1.0
655,zhpQhgha_KU$_$20,-1.399999976158142,-0.04857800900936127,0.0029178138356655836,0.0018761754035949707,0.9952060580253601,vision,1.0,1.0,1.0
429,phBUpBr1hSo$_$13,0.800000011920929,1.5630459785461426,0.04802115261554718,0.038621339946985245,0.9133575558662415,vision,1.0,1.0,1.0
599,wMbj6ajWbic$_$17,2.0,1.6321570873260498,0.06121072173118591,0.0503036230802536,0.8884856700897217,vision,1.0,1.0,1.0
389,nzpVDcQ0ywM$_$13,-1.0,-0.7295513153076172,0.007287800312042236,0.005088318604975939,0.9876238107681274,vision,1.0,1.0,1.0
461,rnaNMUZpvvg$_$10,-2.5999999046325684,-1.579437017440796,0.053213514387607574,0.043370570987463,0.9034160375595093,vision,1.0,1.0,1.0
664,zhpQhgha_KU$_$5,-2.200000047683716,-1.864993929862976,0.05768918618559837,0.047510046511888504,0.8948007822036743,vision,1.0,1.0,1.0
653,zhpQhgha_KU$_$26,0.0,-0.0019411612302064896,0.002325264737010002,0.0014682775363326073,0.9962064027786255,vision,1.0,1.0,1.0
544,vvZ4IcEtiZc$_$3,1.399999976158142,-1.2105597257614136,0.022632954642176628,0.01732459105551243,0.960042417049408,vision,1.0,1.0,1.0
24,c7UH_rxdZv4$_$14,1.2000000476837158,0.6590020060539246,0.0036234939470887184,0.0023874850012362003,0.9939889907836914,vision,1.0,1.0,1.0
351,lXPQBPVc5Cw$_$8,2.5999999046325684,2.775322914123535,0.05742476135492325,0.04700137674808502,0.8955737948417664,vision,1.0,1.0,1.0
62,cW1FSBF59ik$_$8,1.7999999523162842,2.178001880645752,0.05967462807893753,0.0489923395216465,0.8913330435752869,vision,1.0,1.0,1.0
626,yDtzw_Y-7RU$_$19,-1.600000023841858,-1.3749619722366333,0.060113098472356796,0.049681130796670914,0.8902058005332947,vision,1.0,1.0,1.0
676,zhpQhgha_KU$_$17,1.75,2.014677047729492,0.06835736334323883,0.05697957053780556,0.8746630549430847,vision,1.0,1.0,1.0
304,k5Y_838nuGo$_$26,2.0,1.10551118850708,0.00801739003509283,0.005618030205368996,0.9863646030426025,vision,1.0,1.0,1.0
180,etzxEpPuc6I$_$10,-1.399999976158142,-1.0602408647537231,0.06468804180622101,0.05347146466374397,0.8818405866622925,vision,1.0,1.0,1.0
312,k5Y_838nuGo$_$1,-1.600000023841858,-0.5801730751991272,0.018715819343924522,0.013982013799250126,0.9673022031784058,vision,1.0,1.0,1.0
644,yvsjCA6Y5Fc$_$12,-0.6000000238418579,-0.4886499345302582,0.00213255500420928,0.0013418275630101562,0.9965255856513977,vision,1.0,1.0,1.0
86,cXypl4FnoZo$_$5,1.7999999523162842,1.9791444540023804,0.06125517189502716,0.05050046741962433,0.8882443308830261,vision,1.0,1.0,1.0
417,pLTX3ipuDJI$_$16,-1.600000023841858,-0.393868088722229,0.027068661525845528,0.020785607397556305,0.9521456360816956,vision,1.0,1.0,1.0
416,pLTX3ipuDJI$_$14,-2.0,-1.5581958293914795,0.0653991624712944,0.05411983281373978,0.880480945110321,vision,1.0,1.0,1.0
123,d6hH302o4v8$_$24,-2.799999952316284,-1.918837547302246,0.06954888254404068,0.05869355425238609,0.8717575073242188,vision,1.0,1.0,1.0
438,phBUpBr1hSo$_$1,1.399999976158142,2.611112594604492,0.05785565823316574,0.04736306890845299,0.894781231880188,vision,1.0,1.0,1.0
2,c7UH_rxdZv4$_$26,-2.5999999046325684,-0.5991407632827759,0.006358785089105368,0.004370574373751879,0.9892705678939819,vision,1.0,1.0,1.0
607,yDtzw_Y-7RU$_$22,2.0,1.7837679386138916,0.0619732141494751,0.051069844514131546,0.886957049369812,vision,1.0,1.0,1.0
57,cW1FSBF59ik$_$5,2.0,1.621027946472168,0.04730727896094322,0.038115303963422775,0.9145773649215698,vision,1.0,1.0,1.0
437,phBUpBr1hSo$_$20,-1.25,1.9406499862670898,0.064295694231987,0.053145118057727814,0.8825592398643494,vision,1.0,1.0,1.0
163,d6hH302o4v8$_$32,-0.6000000238418579,-0.90037602186203,0.04149816557765007,0.03336946293711662,0.9251323342323303,vision,1.0,1.0,1.0
213,f9O3YtZ2VfI$_$7,-1.2000000476837158,-1.0329822301864624,0.01828862354159355,0.0136216776445508,0.968089759349823,vision,1.0,1.0,1.0
535,v0zCBqDeKcE$_$4,0.0,-0.18950757384300232,0.003667048877105117,0.0024009791668504477,0.9939320087432861,vision,1.0,1.0,1.0
522,tmZoasNr4rU$_$9,-0.6000000238418579,-0.028685636818408966,0.0027359386440366507,0.0017674160189926624,0.9954966306686401,vision,1.0,1.0,1.0
290,jUzDDGyPkXU$_$9,2.799999952316284,2.8784046173095703,0.0555901937186718,0.045361485332250595,0.8990483283996582,vision,1.0,1.0,1.0
227,f9O3YtZ2VfI$_$30,-1.0,-0.6807105541229248,0.020650403574109077,0.015629932284355164,0.9637196660041809,vision,1.0,1.0,1.0
170,dq3Nf_lMPnE$_$1,0.0,0.3895185589790344,0.0021733201574534178,0.001365103991702199,0.9964615702629089,vision,1.0,1.0,1.0
505,tmZoasNr4rU$_$10,-1.7999999523162842,1.0422801971435547,0.033970244228839874,0.02685140073299408,0.9391784071922302,vision,1.0,1.0,1.0
221,f9O3YtZ2VfI$_$15,-1.2000000476837158,-0.4332725405693054,0.00661076046526432,0.004544791765511036,0.9888443350791931,vision,1.0,1.0,1.0
592,wMbj6ajWbic$_$8,-0.20000000298023224,-0.3887042999267578,0.003017118899151683,0.0019444420468062162,0.9950384497642517,vision,1.0,1.0,1.0
262,iiK8YX8oH1E$_$14,-1.2000000476837158,-1.1578235626220703,0.06216916814446449,0.05137643963098526,0.8864544630050659,vision,1.0,1.0,1.0
35,cM3Yna7AavY$_$13,-1.600000023841858,-1.457566261291504,0.05487845093011856,0.045205093920230865,0.8999164700508118,vision,1.0,1.0,1.0
529,v0zCBqDeKcE$_$14,1.5,2.3394927978515625,0.06398731470108032,0.052977755665779114,0.8830350041389465,vision,1.0,1.0,1.0
399,ob23OKe5a9Q$_$13,1.25,0.2971671223640442,0.06981470435857773,0.05853166803717613,0.8716536164283752,vision,1.0,1.0,1.0
7,c7UH_rxdZv4$_$23,-0.6000000238418579,-1.4116350412368774,0.06495948880910873,0.053675681352615356,0.8813648223876953,vision,1.0,1.0,1.0
269,iiK8YX8oH1E$_$5,-0.4000000059604645,-0.7159861326217651,0.014693723991513252,0.010751229710876942,0.9745550155639648,vision,1.0,1.0,1.0
173,dq3Nf_lMPnE$_$5,1.2000000476837158,-0.8391613364219666,0.018759887665510178,0.014040615409612656,0.967199444770813,vision,1.0,1.0,1.0
78,cXypl4FnoZo$_$21,-0.6000000238418579,-0.34012410044670105,0.0041069393046200275,0.002726097824051976,0.9931668639183044,vision,1.0,1.0,1.0
392,nzpVDcQ0ywM$_$14,0.20000000298023224,-1.2840440273284912,0.06382208317518234,0.053111352026462555,0.8830665946006775,vision,1.0,1.0,1.0
168,dq3Nf_lMPnE$_$15,1.0,1.374395728111267,0.03947358950972557,0.03126250207424164,0.9292639493942261,vision,1.0,1.0,1.0
469,rnaNMUZpvvg$_$18,-2.200000047683716,0.22873075306415558,0.06606642156839371,0.05472294241189957,0.8792106509208679,vision,1.0,1.0,1.0
201,f9O3YtZ2VfI$_$27,1.600000023841858,1.7377009391784668,0.06390856206417084,0.0528031624853611,0.8832882642745972,vision,1.0,1.0,1.0
255,fvVhgmXxadc$_$9,-0.4000000059604645,-0.03227604180574417,0.0017578818369656801,0.0010868629906326532,0.9971553087234497,vision,1.0,1.0,1.0
639,yvsjCA6Y5Fc$_$9,-1.399999976158142,-1.599442958831787,0.06962381303310394,0.058336999267339706,0.872039258480072,vision,1.0,1.0,1.0
293,jUzDDGyPkXU$_$10,2.4000000953674316,2.0495922565460205,0.0636444240808487,0.052505433559417725,0.8838502168655396,vision,1.0,1.0,1.0
374,nzpVDcQ0ywM$_$20,0.20000000298023224,-0.09183868765830994,0.002697533927857876,0.0017296560108661652,0.9955728054046631,vision,1.0,1.0,1.0
412,pLTX3ipuDJI$_$10,-1.600000023841858,-0.9249850511550903,0.025288090109825134,0.019301503896713257,0.9554104804992676,vision,1.0,1.0,1.0
224,f9O3YtZ2VfI$_$16,-1.0,1.7652506828308105,0.06096084415912628,0.05017364025115967,0.8888655304908752,vision,1.0,1.0,1.0
199,f9O3YtZ2VfI$_$25,-1.399999976158142,-2.3016414642333984,0.04306652024388313,0.03465794026851654,0.9222755432128906,vision,1.0,1.0,1.0
428,phBUpBr1hSo$_$10,-1.399999976158142,-0.29182565212249756,0.003047612262889743,0.001966017996892333,0.9949864149093628,vision,1.0,1.0,1.0
124,d6hH302o4v8$_$25,-1.600000023841858,-1.868666410446167,0.0714329183101654,0.06037476286292076,0.8681923151016235,vision,1.0,1.0,1.0
71,cW1FSBF59ik$_$19,0.20000000298023224,0.26144203543663025,0.005396551452577114,0.0036457327660173178,0.9909576177597046,vision,1.0,1.0,1.0
476,tIrG4oNLFzE$_$17,-0.4000000059604645,1.5179283618927002,0.052142221480607986,0.04242776706814766,0.905430018901825,vision,1.0,1.0,1.0
301,jUzDDGyPkXU$_$18,-2.4000000953674316,-1.9691786766052246,0.04299739748239517,0.03454141318798065,0.9224612712860107,vision,1.0,1.0,1.0
325,k5Y_838nuGo$_$15,-0.800000011920929,2.0670573711395264,0.061329226940870285,0.050506867468357086,0.8881638646125793,vision,1.0,1.0,1.0
538,v0zCBqDeKcE$_$9,1.7999999523162842,2.271069049835205,0.05867907032370567,0.04815296083688736,0.893168032169342,vision,1.0,1.0,1.0
612,yDtzw_Y-7RU$_$5,0.5,-1.0838239192962646,0.04695549234747887,0.0377027727663517,0.9153417348861694,vision,1.0,1.0,1.0
249,fvVhgmXxadc$_$3,-2.200000047683716,-0.7938750982284546,0.036081138998270035,0.028630204498767853,0.935288667678833,vision,1.0,1.0,1.0
625,yDtzw_Y-7RU$_$16,0.6000000238418579,-0.16775110363960266,0.0022176261991262436,0.001397806452587247,0.9963846206665039,vision,1.0,1.0,1.0
196,etzxEpPuc6I$_$9,-2.799999952316284,-2.121015787124634,0.049569271504879,0.04018504172563553,0.9102456569671631,vision,1.0,1.0,1.0
228,f_pcplsH_V0$_$11,-0.4000000059604645,-1.0004688501358032,0.028442049399018288,0.021916748955845833,0.9496412873268127,vision,1.0,1.0,1.0
3,c7UH_rxdZv4$_$27,-1.7999999523162842,-0.5319312810897827,0.004912102594971657,0.0033135623671114445,0.9917743802070618,vision,1.0,1.0,1.0
548,vvZ4IcEtiZc$_$7,1.399999976158142,-0.5027196407318115,0.008741765283048153,0.006200652103871107,0.985057532787323,vision,1.0,1.0,1.0
103,d3_k5Xpfmik$_$10,0.4000000059604645,-0.07854073494672775,0.001990116201341152,0.0012467983178794384,0.9967629909515381,vision,1.0,1.0,1.0
577,wMbj6ajWbic$_$27,0.0,0.007883366197347641,0.0019231458427384496,0.0011954985093325377,0.996881365776062,vision,1.0,1.0,1.0
67,cW1FSBF59ik$_$15,-2.5999999046325684,-1.4332953691482544,0.06523474305868149,0.05394293740391731,0.8808223605155945,vision,1.0,1.0,1.0
560,vyB00TXsimI$_$7,2.4000000953674316,2.048691511154175,0.0663350522518158,0.05500149354338646,0.8786634802818298,vision,1.0,1.0,1.0
54,cW1FSBF59ik$_$1,-2.5999999046325684,-1.4999254941940308,0.0653906911611557,0.05466394126415253,0.8799453377723694,vision,1.0,1.0,1.0
283,jUzDDGyPkXU$_$1,2.799999952316284,3.1119515895843506,0.05547242611646652,0.0454365536570549,0.8990910053253174,vision,1.0,1.0,1.0
232,f_pcplsH_V0$_$15,-1.0,-1.0853853225708008,0.015655657276511192,0.011503764428198338,0.9728404879570007,vision,1.0,1.0,1.0
576,wMbj6ajWbic$_$26,1.7999999523162842,1.7004741430282593,0.06445473432540894,0.05325809866189957,0.8822872638702393,vision,1.0,1.0,1.0
657,zhpQhgha_KU$_$22,0.6000000238418579,-0.2610354423522949,0.0046196309849619865,0.0030829100869596004,0.9922974705696106,vision,1.0,1.0,1.0
45,cM3Yna7AavY$_$7,3.0,2.7315847873687744,0.07083595544099808,0.059737369418144226,0.8694267272949219,vision,1.0,1.0,1.0
339,lXPQBPVc5Cw$_$22,2.5999999046325684,2.7932660579681396,0.06801149249076843,0.057067904621362686,0.874920666217804,vision,1.0,1.0,1.0
512,tmZoasNr4rU$_$19,0.20000000298023224,0.3722245395183563,0.002872156212106347,0.0018636526074260473,0.9952641725540161,vision,1.0,1.0,1.0
456,rnaNMUZpvvg$_$7,-0.4000000059604645,0.329399973154068,0.005778261926025152,0.003925662022083998,0.990295946598053,vision,1.0,1.0,1.0
128,d6hH302o4v8$_$21,-2.4000000953674316,-2.0448198318481445,0.05738968774676323,0.04744374379515648,0.8951665759086609,vision,1.0,1.0,1.0
154,d6hH302o4v8$_$19,-2.799999952316284,-1.3945388793945312,0.07016650587320328,0.05881188064813614,0.8710216283798218,vision,1.0,1.0,1.0
85,cXypl4FnoZo$_$2,1.0,1.6947834491729736,0.06863122433423996,0.057257916778326035,0.8741108179092407,vision,1.0,1.0,1.0
648,yvsjCA6Y5Fc$_$16,-1.7999999523162842,-2.0149877071380615,0.06735630333423615,0.05639973282814026,0.8762440085411072,vision,1.0,1.0,1.0
646,yvsjCA6Y5Fc$_$14,-1.0,-0.731799304485321,0.010982010513544083,0.007881935685873032,0.9811360239982605,vision,1.0,1.0,1.0
146,d6hH302o4v8$_$11,-1.0,-0.979758083820343,0.05539195239543915,0.04514464735984802,0.899463415145874,vision,1.0,1.0,1.0
319,k5Y_838nuGo$_$9,1.7999999523162842,2.5482001304626465,0.06598050147294998,0.05503127723932266,0.8789882063865662,vision,1.0,1.0,1.0
368,nbWiPyCm4g0$_$4,-2.200000047683716,-0.5757957100868225,0.007237826008349657,0.005055199842900038,0.9877069592475891,vision,1.0,1.0,1.0
418,pLTX3ipuDJI$_$1,-2.4000000953674316,-1.1089932918548584,0.04413621500134468,0.035242874175310135,0.920620858669281,vision,1.0,1.0,1.0
31,c7UH_rxdZv4$_$33,-1.7999999523162842,-1.825139045715332,0.06174816936254501,0.05135597288608551,0.8868958950042725,vision,1.0,1.0,1.0
575,wMbj6ajWbic$_$25,2.0,1.2617846727371216,0.05646197870373726,0.04606061056256294,0.897477388381958,vision,1.0,1.0,1.0
100,cXypl4FnoZo$_$19,0.800000011920929,-0.02365591749548912,0.002378566423431039,0.001509945490397513,0.9961114525794983,vision,1.0,1.0,1.0
454,rnaNMUZpvvg$_$5,-2.799999952316284,-1.0920722484588623,0.06208440661430359,0.05115396901965141,0.8867615461349487,vision,1.0,1.0,1.0
98,cXypl4FnoZo$_$17,-0.6000000238418579,-0.687832236289978,0.0045382315292954445,0.0030360533855855465,0.9924256801605225,vision,1.0,1.0,1.0
289,jUzDDGyPkXU$_$6,-1.600000023841858,-1.3348408937454224,0.056478459388017654,0.046080850064754486,0.8974407315254211,vision,1.0,1.0,1.0
226,f9O3YtZ2VfI$_$18,-1.0,-1.4279016256332397,0.06718821078538895,0.05582848936319351,0.8769833445549011,vision,1.0,1.0,1.0
16,c7UH_rxdZv4$_$6,-2.5999999046325684,-1.4400851726531982,0.06485997140407562,0.05378357321023941,0.8813564777374268,vision,1.0,1.0,1.0
76,cXypl4FnoZo$_$27,0.800000011920929,-0.449321985244751,0.00798844639211893,0.005569141358137131,0.9864424467086792,vision,1.0,1.0,1.0
401,ob23OKe5a9Q$_$14,0.800000011920929,1.4081120491027832,0.04666711390018463,0.03744557499885559,0.9158872961997986,vision,1.0,1.0,1.0
188,etzxEpPuc6I$_$18,1.399999976158142,1.2009572982788086,0.017418691888451576,0.012934413738548756,0.9696468710899353,vision,1.0,1.0,1.0
23,c7UH_rxdZv4$_$15,-2.4000000953674316,-1.618210792541504,0.06707481294870377,0.05625680461525917,0.8766683340072632,vision,1.0,1.0,1.0
527,v0zCBqDeKcE$_$12,-0.4000000059604645,-0.9237572550773621,0.028710952028632164,0.022352296859025955,0.9489368200302124,vision,1.0,1.0,1.0
34,cM3Yna7AavY$_$10,1.600000023841858,1.3631515502929688,0.07414722442626953,0.06280272454023361,0.863050103187561,vision,1.0,1.0,1.0
658,zhpQhgha_KU$_$23,-0.5,0.01461755484342575,0.0020532843191176653,0.0012835401576012373,0.9966631531715393,vision,1.0,1.0,1.0
510,tmZoasNr4rU$_$17,-1.399999976158142,-0.08499344438314438,0.0019218239467591047,0.0012072789249941707,0.9968709349632263,vision,1.0,1.0,1.0
136,d6hH302o4v8$_$3,0.20000000298023224,0.26015332341194153,0.001807570573873818,0.001124864211305976,0.9970675110816956,vision,1.0,1.0,1.0
14,c7UH_rxdZv4$_$4,1.600000023841858,2.323568105697632,0.06644158065319061,0.055371351540088654,0.8781870603561401,vision,1.0,1.0,1.0
22,c7UH_rxdZv4$_$12,-2.799999952316284,-1.7906993627548218,0.05391804501414299,0.04401111230254173,0.9020708203315735,vision,1.0,1.0,1.0
267,iiK8YX8oH1E$_$3,-1.25,-0.17906320095062256,0.05832601338624954,0.04782440885901451,0.8938496112823486,vision,1.0,1.0,1.0
413,pLTX3ipuDJI$_$13,-1.399999976158142,0.0024354811757802963,0.0018800857942551374,0.0011666311183944345,0.9969532489776611,vision,1.0,1.0,1.0
435,phBUpBr1hSo$_$19,2.0,0.42294883728027344,0.009005270898342133,0.006349416449666023,0.9846453070640564,vision,1.0,1.0,1.0
164,dq3Nf_lMPnE$_$11,-0.6000000238418579,0.20054525136947632,0.005720862187445164,0.003884395584464073,0.9903947710990906,vision,1.0,1.0,1.0
263,iiK8YX8oH1E$_$17,1.600000023841858,2.5868728160858154,0.05939674749970436,0.04878493398427963,0.8918182849884033,vision,1.0,1.0,1.0
377,nzpVDcQ0ywM$_$23,2.0,2.417546272277832,0.06833989918231964,0.0573136992752552,0.8743464350700378,vision,1.0,1.0,1.0
433,phBUpBr1hSo$_$17,2.0,1.738194227218628,0.07191359996795654,0.06054262816905975,0.8675436973571777,vision,1.0,1.0,1.0
536,v0zCBqDeKcE$_$7,1.399999976158142,-0.37639811635017395,0.0021259007044136524,0.0013418805319815874,0.9965322017669678,vision,1.0,1.0,1.0
683,zhpQhgha_KU$_$34,1.2000000476837158,2.114743232727051,0.058277152478694916,0.047776367515325546,0.8939464688301086,vision,1.0,1.0,1.0
32,c7UH_rxdZv4$_$32,-2.200000047683716,-1.34284245967865,0.06030556187033653,0.04951592534780502,0.8901785016059875,vision,1.0,1.0,1.0
455,rnaNMUZpvvg$_$4,-2.4000000953674316,-2.1324310302734375,0.047146521508693695,0.038072213530540466,0.9147812128067017,vision,1.0,1.0,1.0
421,pLTX3ipuDJI$_$5,-2.0,-1.311393141746521,0.05730469897389412,0.04683064669370651,0.8958646655082703,vision,1.0,1.0,1.0
49,cW1FSBF59ik$_$24,0.0,-0.4540747404098511,0.0048799957148730755,0.0032923752442002296,0.9918276071548462,vision,1.0,1.0,1.0
279,jUzDDGyPkXU$_$20,-2.200000047683716,-2.1077239513397217,0.04118216037750244,0.032962460070848465,0.9258553981781006,vision,1.0,1.0,1.0
645,yvsjCA6Y5Fc$_$15,-2.0,-0.7834978103637695,0.06954873353242874,0.058210939168930054,0.8722403049468994,vision,1.0,1.0,1.0
404,ob23OKe5a9Q$_$2,1.0,0.29964679479599,0.00680278055369854,0.004683698993176222,0.9885135293006897,vision,1.0,1.0,1.0
36,cM3Yna7AavY$_$12,-1.0,-0.10157498717308044,0.0020672024693340063,0.0013069221749901772,0.9966259002685547,vision,1.0,1.0,1.0
139,d6hH302o4v8$_$4,-1.600000023841858,-1.73529851436615,0.06685863435268402,0.055933877825737,0.8772075772285461,vision,1.0,1.0,1.0
521,tmZoasNr4rU$_$6,-1.7999999523162842,-1.5471827983856201,0.06662298738956451,0.055837180465459824,0.8775397539138794,vision,1.0,1.0,1.0
12,c7UH_rxdZv4$_$2,-2.5999999046325684,-1.883906602859497,0.06890179216861725,0.057726457715034485,0.8733717203140259,vision,1.0,1.0,1.0
431,phBUpBr1hSo$_$15,-2.200000047683716,0.861445963382721,0.045152124017477036,0.03613102808594704,0.9187168478965759,vision,1.0,1.0,1.0
485,tIrG4oNLFzE$_$6,1.25,0.9812267422676086,0.009495922364294529,0.006713979411870241,0.9837900996208191,vision,1.0,1.0,1.0
149,d6hH302o4v8$_$12,1.399999976158142,2.089754581451416,0.06545138359069824,0.05414830893278122,0.8804003596305847,vision,1.0,1.0,1.0
647,yvsjCA6Y5Fc$_$17,-0.6000000238418579,-0.2689675986766815,0.0030788409058004618,0.0019978752825409174,0.9949232935905457,vision,1.0,1.0,1.0
636,yvsjCA6Y5Fc$_$4,-0.20000000298023224,-0.5635538101196289,0.0032403632067143917,0.002109599532559514,0.9946500658988953,vision,1.0,1.0,1.0
313,k5Y_838nuGo$_$3,0.800000011920929,1.748589038848877,0.06812302768230438,0.056592028588056564,0.8752849102020264,vision,1.0,1.0,1.0
171,dq3Nf_lMPnE$_$3,-1.2000000476837158,-1.4137377738952637,0.06362412869930267,0.052854396402835846,0.8835214972496033,vision,1.0,1.0,1.0
111,d3_k5Xpfmik$_$18,0.800000011920929,-0.04341411218047142,0.0028432535473257303,0.0018282890086993575,0.995328426361084,vision,1.0,1.0,1.0
236,f_pcplsH_V0$_$2,1.399999976158142,0.7306544184684753,0.009780041873455048,0.0069471257738769054,0.9832727909088135,vision,1.0,1.0,1.0
618,yDtzw_Y-7RU$_$11,-1.399999976158142,0.047602370381355286,0.002400575205683708,0.001519591431133449,0.9960798621177673,vision,1.0,1.0,1.0
590,wMbj6ajWbic$_$6,1.7999999523162842,-0.2537137567996979,0.021691061556339264,0.016336439177393913,0.9619724750518799,vision,1.0,1.0,1.0
640,yvsjCA6Y5Fc$_$8,0.4000000059604645,-0.5528950691223145,0.013034830801188946,0.009462295100092888,0.9775028824806213,vision,1.0,1.0,1.0
92,cXypl4FnoZo$_$11,1.399999976158142,-0.25478968024253845,0.016325829550623894,0.012085909023880959,0.9715881943702698,vision,1.0,1.0,1.0
410,ob23OKe5a9Q$_$8,0.6000000238418579,1.7192332744598389,0.059717416763305664,0.048964887857437134,0.8913177847862244,vision,1.0,1.0,1.0
396,nzpVDcQ0ywM$_$18,1.2000000476837158,2.0530569553375244,0.07087501138448715,0.05948082357645035,0.8696442246437073,vision,1.0,1.0,1.0
370,nbWiPyCm4g0$_$6,0.0,-0.5743213295936584,0.004496187902987003,0.0030225657392293215,0.9924813508987427,vision,1.0,1.0,1.0
203,f9O3YtZ2VfI$_$21,2.0,1.9709302186965942,0.06714838743209839,0.0557737797498703,0.8770778775215149,vision,1.0,1.0,1.0
158,d6hH302o4v8$_$37,-2.200000047683716,-1.335377812385559,0.05670688673853874,0.04655187949538231,0.8967412114143372,vision,1.0,1.0,1.0
277,jUzDDGyPkXU$_$26,-2.0,-1.1794768571853638,0.03988036885857582,0.03158474341034889,0.9285348653793335,vision,1.0,1.0,1.0
209,f9O3YtZ2VfI$_$3,0.6000000238418579,0.3956691026687622,0.0027899425476789474,0.0017974646762013435,0.9954125285148621,vision,1.0,1.0,1.0
169,dq3Nf_lMPnE$_$14,-1.7999999523162842,1.110511302947998,0.017308495938777924,0.012842217460274696,0.9698493480682373,vision,1.0,1.0,1.0
492,tStelxIAHjw$_$15,0.4000000059604645,1.1110739707946777,0.02011835388839245,0.015103213489055634,0.964778482913971,vision,1.0,1.0,1.0
665,zhpQhgha_KU$_$4,-1.600000023841858,-1.6843944787979126,0.061647817492485046,0.05095076188445091,0.8874014019966125,vision,1.0,1.0,1.0
195,etzxEpPuc6I$_$6,0.4000000059604645,0.2047482132911682,0.0023489119485020638,0.0014842776581645012,0.9961667656898499,vision,1.0,1.0,1.0
528,v0zCBqDeKcE$_$15,2.4000000953674316,2.1829397678375244,0.06321026384830475,0.05221394822001457,0.8845758438110352,vision,1.0,1.0,1.0
385,nzpVDcQ0ywM$_$9,-2.200000047683716,-1.1531884670257568,0.033847879618406296,0.02666618674993515,0.9394858479499817,vision,1.0,1.0,1.0
